State,County,Total Population of Children <72 Months of Age,Number of Children Tested <72 Months of Age,Number of Children with Confirmed BLLs ³5 µg/dL,Percent of Children with Confirmed BLLs ³5 µg/dL,Number of Children with Confirmed BLLs ³10 µg/dL,Percent of Children with Confirmed BLLs ³10 µg/dL,Number of Children with Confirmed BLLs 5-9 µg/dL,Number of Children with Confirmed BLLs 10-14 µg/dL,Number of Children with Confirmed BLLs 15-19 µg/dL,Number of Children with Confirmed BLLs 20-24 µg/dL,Number of Children with Confirmed BLLs 25-44 µg/dL,Number of Children with Confirmed BLLs ³45 µg/dL
AL,Autauga,4045,238,SD,SD,SD,SD,0,SD,0,0,0,0
AL,Baldwin,14651,552,SD,SD,0,0.00%,SD,0,0,0,0,0
AL,Barbour,1571,268,SD,SD,SD,SD,0,SD,SD,0,0,0
AL,Bibb,1459,105,SD,SD,SD,SD,0,SD,0,0,0,0
AL,Blount,4148,365,0,0.00%,0,0.00%,0,0,0,0,0,0
AL,Bullock,657,162,SD,SD,0,0.00%,SD,0,0,0,0,0
AL,Butler,1328,127,SD,SD,SD,SD,0,0,0,SD,0,0
AL,Calhoun,7799,398,8,2.00%,SD,SD,6,SD,0,0,0,0
AL,Chambers,2164,144,SD,SD,SD,SD,SD,SD,0,0,0,0
AL,Cherokee,1470,105,0,0.00%,0,0.00%,0,0,0,0,0,0
AL,Chilton,3256,348,SD,SD,SD,SD,SD,SD,0,0,0,0
AL,Choctaw,803,54,SD,SD,0,0.00%,SD,0,0,0,0,0
AL,Clarke,1586,229,SD,SD,0,0.00%,SD,0,0,0,0,0
AL,Clay,869,53,SD,SD,0,0.00%,SD,0,0,0,0,0
AL,Cleburne,1080,37,0,0.00%,0,0.00%,0,0,0,0,0,0
AL,Coffee,3862,509,6,1.20%,SD,SD,SD,SD,0,0,0,0
AL,Colbert,3806,438,SD,SD,0,0.00%,SD,0,0,0,0,0
AL,Conecuh,742,43,SD,SD,0,0.00%,SD,0,0,0,0,0
AL,Coosa,548,SD,0,0.00%,0,0.00%,0,0,0,0,0,0
AL,Covington,2561,306,SD,SD,SD,SD,SD,SD,SD,0,0,0
AL,Crenshaw,937,95,6,6.30%,SD,SD,SD,SD,0,0,0,0
AL,Cullman,6090,545,SD,SD,0,0.00%,SD,0,0,0,0,0
AL,Dale,3909,556,7,1.30%,0,0.00%,7,0,0,0,0,0
AL,Dallas,2541,384,SD,SD,0,0.00%,SD,0,0,0,0,0
AL,DeKalb,5173,168,SD,SD,0,0.00%,SD,0,0,0,0,0
AL,Elmore,5627,341,SD,SD,0,0.00%,SD,0,0,0,0,0
AL,Escambia,2636,111,0,0.00%,0,0.00%,0,0,0,0,0,0
AL,Etowah,7136,487,15,3.10%,6,1.20%,9,SD,SD,SD,0,0
AL,Fayette,1104,51,0,0.00%,0,0.00%,0,0,0,0,0,0
AL,Franklin,2616,305,SD,SD,0,0.00%,SD,0,0,0,0,0
AL,Geneva,1739,251,SD,SD,SD,SD,SD,SD,0,0,0,0
AL,Greene,538,68,0,0.00%,0,0.00%,0,0,0,0,0,0
AL,Hale,1155,75,0,0.00%,0,0.00%,0,0,0,0,0,0
AL,Henry,1043,138,SD,SD,SD,SD,0,SD,0,0,0,0
AL,Houston,7975,1280,13,1.00%,SD,SD,11,SD,0,0,SD,0
AL,Jackson,3356,465,SD,SD,SD,SD,SD,SD,0,0,0,0
AL,Jefferson,50059,4267,67,1.60%,17,0.40%,50,9,SD,SD,SD,0
AL,Lamar,973,36,0,0.00%,0,0.00%,0,0,0,0,0,0
AL,Lauderdale,5812,285,SD,SD,0,0.00%,SD,0,0,0,0,0
AL,Lawrence,2175,194,SD,SD,0,0.00%,SD,0,0,0,0,0
AL,Lee,11364,667,9,1.30%,SD,SD,SD,SD,SD,0,0,0
AL,Limestone,6819,394,SD,SD,0,0.00%,SD,0,0,0,0,0
AL,Lowndes,709,68,SD,SD,0,0.00%,SD,0,0,0,0,0
AL,Macon,1060,130,SD,SD,SD,SD,SD,SD,0,0,0,0
AL,Madison,26679,1100,0,0.00%,0,0.00%,0,0,0,0,0,0
AL,Marengo,1347,137,0,0.00%,0,0.00%,0,0,0,0,0,0
AL,Marion,1899,107,0,0.00%,0,0.00%,0,0,0,0,0,0
AL,Marshall,8289,783,10,1.30%,SD,SD,8,0,SD,SD,0,0
AL,Mobile,32399,3636,59,1.60%,18,0.50%,41,9,SD,SD,SD,0
AL,Monroe,1226,119,SD,SD,0,0.00%,SD,0,0,0,0,0
AL,Montgomery,18249,1735,21,1.20%,SD,SD,17,SD,SD,0,0,0
AL,Morgan,8717,767,7,0.90%,SD,SD,SD,SD,0,0,SD,0
AL,Perry,567,76,0,0.00%,0,0.00%,0,0,0,0,0,0
AL,Pickens,1242,63,SD,SD,SD,SD,0,SD,0,0,0,0
AL,Pike,2107,354,28,7.90%,9,2.50%,19,6,SD,SD,0,0
AL,Randolph,1536,149,SD,SD,SD,SD,SD,SD,0,SD,0,0
AL,Russell,4827,406,SD,SD,SD,SD,SD,0,0,0,0,SD
AL,St. Clair,6229,179,SD,SD,SD,SD,SD,SD,0,0,0,0
AL,Shelby,14702,750,SD,SD,0,0.00%,SD,0,0,0,0,0
AL,Sumter,857,49,0,0.00%,0,0.00%,0,0,0,0,0,0
AL,Talladega,5192,99,SD,SD,0,0.00%,SD,0,0,0,0,0
AL,Tallapoosa,2531,116,SD,SD,0,0.00%,SD,0,0,0,0,0
AL,Tuscaloosa,14825,1102,8,0.70%,SD,SD,SD,SD,0,SD,0,SD
AL,Walker,4631,378,SD,SD,SD,SD,SD,0,SD,0,0,0
AL,Washington,1098,130,0,0.00%,0,0.00%,0,0,0,0,0,0
AL,Wilcox,765,114,SD,SD,SD,SD,SD,SD,0,0,0,0
AL,Winston,1498,167,SD,SD,0,0.00%,SD,0,0,0,0,0
AL,Unknown,0,11860,18,0.20%,SD,SD,13,SD,SD,0,SD,0
AK,Aleutians East,69,SD,0,0.00%,0,0.00%,0,0,0,0,0,0
AK,Aleutians West (CA),219,SD,0,0.00%,0,0.00%,0,0,0,0,0,0
AK,Anchorage,23582,2257,SD,SD,SD,SD,SD,0,SD,0,0,0
AK,Bethel (CA),2370,472,SD,SD,0,0.00%,SD,0,0,0,0,0
AK,Bristol Bay,63,SD,0,0.00%,0,0.00%,0,0,0,0,0,0
AK,Denali,99,14,0,0.00%,0,0.00%,0,0,0,0,0,0
AK,Dillingham (CA),535,41,SD,SD,0,0.00%,SD,0,0,0,0,0
AK,Fairbanks North Star,8138,561,SD,SD,0,0.00%,SD,0,0,0,0,0
AK,Haines,139,SD,0,0.00%,0,0.00%,0,0,0,0,0,0
AK,Juneau,2074,53,0,0.00%,0,0.00%,0,0,0,0,0,0
AK,Kenai Peninsula,4217,65,0,0.00%,0,0.00%,0,0,0,0,0,0
AK,Ketchikan Gateway,878,33,0,0.00%,0,0.00%,0,0,0,0,0,0
AK,Kodiak Island,1055,13,0,0.00%,0,0.00%,0,0,0,0,0,0
AK,Lake and Peninsula,160,0,0,0.00%,0,0.00%,0,0,0,0,0,0
AK,Matanuska-Susitna,8866,315,SD,SD,0,0.00%,SD,0,0,0,0,0
AK,Nome (CA),1130,24,0,0.00%,0,0.00%,0,0,0,0,0,0
AK,North Slope,893,24,0,0.00%,0,0.00%,0,0,0,0,0,0
AK,Northwest Arctic,935,49,0,0.00%,0,0.00%,0,0,0,0,0,0
AK,Sitka,498,8,0,0.00%,0,0.00%,0,0,0,0,0,0
AK,Southeast Fairbanks (CA),631,34,0,0.00%,0,0.00%,0,0,0,0,0,0
AK,Yakutat,43,0,0,0.00%,0,0.00%,0,0,0,0,0,0
AK,Yukon-Koyukuk (CA),478,15,0,0.00%,0,0.00%,0,0,0,0,0,0
AK,Unknown,0,473,SD,SD,0,0.00%,SD,0,0,0,0,0
CT ,Fairfield,61352,17844,259,1.50%,66,0.40%,193,46,8,8,SD,SD
CT ,Hartford,57353,13198,183,1.40%,58,0.40%,125,33,12,10,SD,0
CT ,Litchfield,8971,1922,37,1.90%,7,0.40%,30,SD,0,SD,0,0
CT ,Middlesex,7918,1776,13,0.70%,SD,SD,8,SD,0,0,SD,0
CT ,New Haven,52455,14696,353,2.40%,108,0.70%,245,60,15,15,17,SD
CT ,New London,15503,3315,84,2.50%,20,0.60%,64,10,SD,SD,SD,SD
CT ,Tolland,7427,1652,14,0.80%,SD,SD,10,SD,0,0,SD,0
CT ,Windham,6750,1714,58,3.40%,19,1.10%,39,13,SD,SD,SD,0
CT ,Unknown,0,388,37,9.50%,9,2.30%,28,7,SD,0,0,0
DE,Kent,13534,1334,13,1.00%,0,0.00%,13,0,0,0,0,0
DE,New Castle,37953,4259,86,2.00%,22,0.50%,64,13,6,SD,SD,0
DE,Sussex,14183,1409,17,1.20%,6,0.40%,11,SD,SD,SD,0,0
DE,Unknown,0,2067,18,0.90%,SD,SD,16,SD,0,SD,0,0
WA,District of Columbia,52857,11359,80,0.70%,14,0.10%,66,9,SD,SD,SD,0
WA,Unknown,0,1793,9,0.50%,SD,SD,6,SD,SD,0,0,0
FL,Alachua,16431,2078,SD,SD,0,0.00%,SD,0,0,0,0,0
FL,Baker,2184,130,0,0.00%,0,0.00%,0,0,0,0,0,0
FL,Bay,11362,332,0,0.00%,0,0.00%,0,0,0,0,0,0
FL,Bradford,1773,240,SD,SD,SD,SD,SD,0,SD,0,0,0
FL,Brevard,33409,3353,SD,SD,0,0.00%,SD,0,0,0,0,0
FL,Broward,133258,10916,19,0.20%,8,0.10%,11,SD,SD,0,SD,SD
FL,Calhoun,811,54,0,0.00%,0,0.00%,0,0,0,0,0,0
FL,Charlotte,6752,641,SD,SD,0,0.00%,SD,0,0,0,0,0
FL,Citrus,6713,859,0,0.00%,0,0.00%,0,0,0,0,0,0
FL,Clay,14724,864,0,0.00%,0,0.00%,0,0,0,0,0,0
FL,Collier,20099,3493,SD,SD,0,0.00%,SD,0,0,0,0,0
FL,Columbia,4988,275,SD,SD,SD,SD,0,SD,SD,0,0,0
FL,DeSoto,2286,93,0,0.00%,0,0.00%,0,0,0,0,0,0
FL,Dixie,938,126,SD,SD,0,0.00%,SD,0,0,0,0,0
FL,Duval,77111,5327,29,0.50%,8,0.20%,21,6,SD,0,0,0
FL,Escambia,22952,962,SD,SD,0,0.00%,SD,0,0,0,0,0
FL,Flagler,5488,254,0,0.00%,0,0.00%,0,0,0,0,0,0
FL,Franklin,606,98,0,0.00%,0,0.00%,0,0,0,0,0,0
FL,Gadsden,3196,584,SD,SD,0,0.00%,SD,0,0,0,0,0
FL,Gilchrist,1228,174,SD,SD,SD,SD,0,SD,0,0,0,0
FL,Glades,510,83,0,0.00%,0,0.00%,0,0,0,0,0,0
FL,Gulf,765,137,SD,SD,0,0.00%,SD,0,0,0,0,0
FL,Hamilton,925,26,0,0.00%,0,0.00%,0,0,0,0,0,0
FL,Hardee,2178,482,SD,SD,SD,SD,SD,SD,0,0,0,0
FL,Hendry,3708,772,SD,SD,SD,SD,SD,SD,0,0,0,0
FL,Hernando,10835,1102,SD,SD,0,0.00%,SD,0,0,0,0,0
FL,Highlands,5450,1216,6,0.50%,SD,SD,SD,SD,0,0,0,0
FL,Hillsborough,107340,10887,29,0.30%,8,0.10%,21,SD,SD,SD,0,SD
FL,Holmes,1276,66,0,0.00%,0,0.00%,0,0,0,0,0,0
FL,Indian River,7744,955,0,0.00%,0,0.00%,0,0,0,0,0,0
FL,Jackson,2854,244,SD,SD,SD,SD,SD,SD,0,0,0,0
FL,Jefferson,742,107,SD,SD,0,0.00%,SD,0,0,0,0,0
FL,Lafayette,420,39,0,0.00%,0,0.00%,0,0,0,0,0,0
FL,Lake,22032,1498,6,0.40%,SD,SD,SD,SD,0,0,0,0
FL,Lee,43059,6010,19,0.30%,SD,SD,17,SD,0,0,0,0
FL,Leon,18188,1507,SD,SD,SD,SD,SD,0,SD,0,0,0
FL,Levy,2551,503,0,0.00%,0,0.00%,0,0,0,0,0,0
FL,Liberty,435,36,0,0.00%,0,0.00%,0,0,0,0,0,0
FL,Madison,1098,202,SD,SD,0,0.00%,SD,0,0,0,0,0
FL,Manatee,22251,949,SD,SD,SD,SD,SD,0,SD,0,0,0
FL,Marion,22284,1662,SD,SD,0,0.00%,SD,0,0,0,0,0
FL,Martin,7940,951,0,0.00%,0,0.00%,0,0,0,0,0,0
FL,Miami-Dade,185047,24505,60,0.20%,18,0.10%,42,12,SD,SD,0,0
FL,Monroe,3947,214,SD,SD,0,0.00%,SD,0,0,0,0,0
FL,Nassau,5489,179,0,0.00%,0,0.00%,0,0,0,0,0,0
FL,Okaloosa,16333,645,0,0.00%,0,0.00%,0,0,0,0,0,0
FL,Okeechobee,3034,882,SD,SD,0,0.00%,SD,0,0,0,0,0
FL,Orange,99970,8999,43,0.50%,20,0.20%,23,10,SD,SD,SD,SD
FL,Osceola,28491,2388,SD,SD,SD,SD,SD,SD,SD,0,0,0
FL,Palm Beach,91469,8545,18,0.20%,6,0.10%,12,6,0,0,0,0
FL,Pasco,35045,4023,7,0.20%,SD,SD,6,SD,0,0,0,0
FL,Pinellas,48617,4238,7,0.20%,SD,SD,6,SD,0,0,0,0
FL,Polk,51203,8058,9,0.10%,SD,SD,7,SD,0,0,0,0
FL,Putnam,5117,264,SD,SD,0,0.00%,SD,0,0,0,0,0
FL,St. Johns,16510,468,11,2.40%,SD,SD,9,SD,0,SD,0,0
FL,St. Lucie,20241,2486,6,0.20%,0,0.00%,6,0,0,0,0,0
FL,Santa Rosa,12727,671,SD,SD,0,0.00%,SD,0,0,0,0,0
FL,Sarasota,18264,1085,SD,SD,0,0.00%,SD,0,0,0,0,0
FL,Seminole,29702,1004,6,0.60%,0,0.00%,6,0,0,0,0,0
FL,Sumter,3053,370,SD,SD,0,0.00%,SD,0,0,0,0,0
FL,Suwannee,2865,198,0,0.00%,0,0.00%,0,0,0,0,0,0
FL,Taylor,1385,211,SD,SD,SD,SD,SD,0,SD,0,0,0
FL,Union,994,93,0,0.00%,0,0.00%,0,0,0,0,0,0
FL,Volusia,31076,1102,SD,SD,0,0.00%,SD,0,0,0,0,0
FL,Wakulla,2141,169,0,0.00%,0,0.00%,0,0,0,0,0,0
FL,Walton,5182,221,0,0.00%,0,0.00%,0,0,0,0,0,0
FL,Washington,1639,44,SD,SD,0,0.00%,SD,0,0,0,0,0
FL,Unknown,0,75,SD,SD,0,0.00%,SD,0,0,0,0,0
GA,Appling,1411,222,SD,SD,0,0.00%,SD,0,0,0,0,0
GA,Atkinson,712,109,SD,SD,0,0.00%,SD,0,0,0,0,0
GA,Bacon,891,176,0,0.00%,0,0.00%,0,0,0,0,0,0
GA,Baker,196,21,0,0.00%,0,0.00%,0,0,0,0,0,0
GA,Baldwin,2501,360,SD,SD,SD,SD,0,SD,0,0,0,0
GA,Banks,1289,117,0,0.00%,0,0.00%,0,0,0,0,0,0
GA,Barrow,6759,566,SD,SD,SD,SD,SD,0,0,0,0,SD
GA,Bartow,8126,583,SD,SD,0,0.00%,SD,0,0,0,0,0
GA,Ben Hill,1271,197,SD,SD,SD,SD,0,SD,0,0,0,0
GA,Berrien,1462,SD,0,0.00%,0,0.00%,0,0,0,0,0,0
GA,Bibb,11980,998,10,1.00%,SD,SD,8,SD,0,0,0,0
GA,Bleckley,788,92,0,0.00%,0,0.00%,0,0,0,0,0,0
GA,Brantley,1393,199,0,0.00%,0,0.00%,0,0,0,0,0,0
GA,Brooks,1043,166,SD,SD,SD,SD,0,SD,0,0,0,0
GA,Bryan,3625,365,SD,SD,SD,SD,SD,SD,0,0,0,0
GA,Bulloch,5462,1215,SD,SD,SD,SD,SD,SD,0,0,0,0
GA,Burke,1813,266,SD,SD,SD,SD,SD,0,0,0,SD,0
GA,Butts,1698,294,SD,SD,SD,SD,0,SD,0,0,0,0
GA,Calhoun,287,36,0,0.00%,0,0.00%,0,0,0,0,0,0
GA,Camden,4585,451,0,0.00%,0,0.00%,0,0,0,0,0,0
GA,Candler,842,178,SD,SD,0,0.00%,SD,0,0,0,0,0
GA,Carroll,9315,1138,6,0.50%,0,0.00%,6,0,0,0,0,0
GA,Catoosa,4331,290,0,0.00%,0,0.00%,0,0,0,0,0,0
GA,Charlton,720,70,SD,SD,SD,SD,0,SD,0,0,0,0
GA,Chatham,20880,2966,25,0.80%,9,0.30%,16,SD,SD,SD,SD,SD
GA,Chattahoochee,1038,184,0,0.00%,0,0.00%,0,0,0,0,0,0
GA,Chattooga,1783,74,SD,SD,SD,SD,SD,0,SD,SD,SD,SD
GA,Cherokee,18080,1230,SD,SD,0,0.00%,SD,0,0,0,0,0
GA,Clarke,7557,978,SD,SD,SD,SD,SD,SD,0,0,0,0
GA,Clay,197,20,SD,SD,SD,SD,0,0,SD,0,0,0
GA,Clayton,25737,2654,8,0.30%,SD,SD,6,SD,0,0,0,0
GA,Clinch,521,90,0,0.00%,0,0.00%,0,0,0,0,0,0
GA,Cobb,54169,3891,17,0.40%,SD,SD,16,0,0,SD,0,0
GA,Coffee,3494,449,0,0.00%,0,0.00%,0,0,0,0,0,0
GA,Colquitt,3550,435,SD,SD,SD,SD,SD,SD,0,0,0,0
GA,Columbia,12104,489,SD,SD,SD,SD,SD,0,0,SD,0,0
GA,Cook,1337,132,0,0.00%,0,0.00%,0,0,0,0,0,0
GA,Coweta,10459,600,SD,SD,SD,SD,SD,0,SD,0,0,0
GA,Crawford,714,42,SD,SD,0,0.00%,SD,0,0,0,0,0
GA,Crisp,1600,180,0,0.00%,0,0.00%,0,0,0,0,0,0
GA,Dade,949,61,0,0.00%,0,0.00%,0,0,0,0,0,0
GA,Dawson,1733,259,0,0.00%,0,0.00%,0,0,0,0,0,0
GA,Decatur,2187,239,0,0.00%,0,0.00%,0,0,0,0,0,0
GA,DeKalb,61423,5461,39,0.70%,13,0.20%,26,9,SD,0,0,0
GA,Dodge,1220,45,0,0.00%,0,0.00%,0,0,0,0,0,0
GA,Dooly,631,76,0,0.00%,0,0.00%,0,0,0,0,0,0
GA,Dougherty,6659,896,SD,SD,SD,SD,SD,SD,0,0,0,0
GA,Douglas,10918,1305,SD,SD,SD,SD,SD,0,0,0,SD,0
GA,Early,792,47,0,0.00%,0,0.00%,0,0,0,0,0,0
GA,Echols,296,15,0,0.00%,0,0.00%,0,0,0,0,0,0
GA,Effingham,5297,579,SD,SD,0,0.00%,SD,0,0,0,0,0
GA,Elbert,1347,225,SD,SD,0,0.00%,SD,0,0,0,0,0
GA,Emanuel,1826,187,SD,SD,SD,SD,SD,SD,SD,0,0,0
GA,Evans,808,157,0,0.00%,0,0.00%,0,0,0,0,0,0
GA,Fannin,1240,251,0,0.00%,0,0.00%,0,0,0,0,0,0
GA,Fayette,6430,438,SD,SD,0,0.00%,SD,0,0,0,0,0
GA,Floyd,6985,352,9,2.60%,SD,SD,7,SD,0,SD,0,0
GA,Forsyth,17724,1039,7,0.70%,SD,SD,SD,0,SD,SD,0,0
GA,Franklin,1672,230,0,0.00%,0,0.00%,0,0,0,0,0,0
GA,Fulton,72303,5119,27,0.50%,9,0.20%,18,SD,SD,0,SD,0
GA,Gilmer,1921,245,0,0.00%,0,0.00%,0,0,0,0,0,0
GA,Glascock,176,6,0,0.00%,0,0.00%,0,0,0,0,0,0
GA,Glynn,5549,763,SD,SD,SD,SD,0,SD,0,0,0,0
GA,Gordon,4201,460,0,0.00%,0,0.00%,0,0,0,0,0,0
GA,Grady,1908,386,0,0.00%,0,0.00%,0,0,0,0,0,0
GA,Greene,1056,147,0,0.00%,0,0.00%,0,0,0,0,0,0
GA,Gwinnett,73004,6343,16,0.30%,9,0.10%,7,6,SD,SD,0,0
GA,Habersham,3160,190,SD,SD,0,0.00%,SD,0,0,0,0,0
GA,Hall,15774,754,SD,SD,SD,SD,0,SD,0,0,0,0
GA,Hancock,367,73,0,0.00%,0,0.00%,0,0,0,0,0,0
GA,Haralson,2322,212,SD,SD,SD,SD,SD,SD,0,0,0,0
GA,Harris,2177,232,SD,SD,SD,SD,0,SD,0,0,0,0
GA,Hart,1635,126,0,0.00%,0,0.00%,0,0,0,0,0,0
GA,Heard,777,45,0,0.00%,0,0.00%,0,0,0,0,0,0
GA,Henry,16845,2164,SD,SD,SD,SD,SD,SD,0,0,0,0
GA,Houston,12650,1330,0,0.00%,0,0.00%,0,0,0,0,0,0
GA,Irwin,623,90,SD,SD,0,0.00%,SD,0,0,0,0,0
GA,Jackson,5895,570,SD,SD,0,0.00%,SD,0,0,0,0,0
GA,Jasper,946,106,SD,SD,0,0.00%,SD,0,0,0,0,0
GA,Jeff Davis,1212,100,0,0.00%,0,0.00%,0,0,0,0,0,0
GA,Jefferson,1168,98,SD,SD,SD,SD,SD,SD,0,0,0,0
GA,Jenkins,580,122,SD,SD,SD,SD,0,SD,0,0,0,0
GA,Johnson,616,68,0,0.00%,0,0.00%,0,0,0,0,0,0
GA,Jones,1829,98,0,0.00%,0,0.00%,0,0,0,0,0,0
GA,Lamar,1345,165,0,0.00%,0,0.00%,0,0,0,0,0,0
GA,Lanier,838,58,0,0.00%,0,0.00%,0,0,0,0,0,0
GA,Laurens,3789,513,SD,SD,SD,SD,SD,SD,0,0,0,0
GA,Lee,2268,244,0,0.00%,0,0.00%,0,0,0,0,0,0
GA,Liberty,7539,651,SD,SD,0,0.00%,SD,0,0,0,0,0
GA,Lincoln,492,20,0,0.00%,0,0.00%,0,0,0,0,0,0
GA,Long,1769,168,SD,SD,0,0.00%,SD,0,0,0,0,0
GA,Lowndes,9617,1194,0,0.00%,0,0.00%,0,0,0,0,0,0
GA,Lumpkin,1777,131,SD,SD,0,0.00%,SD,0,0,0,0,0
GA,McDuffie,1596,63,SD,SD,SD,SD,0,SD,0,0,0,0
GA,McIntosh,680,91,0,0.00%,0,0.00%,0,0,0,0,0,0
GA,Macon,781,92,SD,SD,0,0.00%,SD,0,0,0,0,0
GA,Madison,2210,234,SD,SD,0,0.00%,SD,0,0,0,0,0
GA,Marion,504,49,0,0.00%,0,0.00%,0,0,0,0,0,0
GA,Meriwether,1477,132,SD,SD,0,0.00%,SD,0,0,0,0,0
GA,Miller,405,15,0,0.00%,0,0.00%,0,0,0,0,0,0
GA,Mitchell,1442,333,SD,SD,SD,SD,SD,SD,0,0,0,0
GA,Monroe,1713,202,0,0.00%,0,0.00%,0,0,0,0,0,0
GA,Montgomery,551,50,0,0.00%,0,0.00%,0,0,0,0,0,0
GA,Morgan,1399,170,0,0.00%,0,0.00%,0,0,0,0,0,0
GA,Murray,3023,433,SD,SD,SD,SD,0,SD,0,0,0,0
GA,Muscogee,16540,2313,8,0.30%,SD,SD,6,SD,0,0,0,0
GA,Newton,8751,1099,6,0.50%,0,0.00%,6,0,0,0,0,0
GA,Oconee,2754,161,SD,SD,0,0.00%,SD,0,0,0,0,0
GA,Oglethorpe,988,125,SD,SD,SD,SD,SD,SD,0,0,0,0
GA,Paulding,13232,857,0,0.00%,0,0.00%,0,0,0,0,0,0
GA,Peach,1911,387,SD,SD,SD,SD,SD,0,0,SD,0,0
GA,Pickens,1955,187,SD,SD,0,0.00%,SD,0,0,0,0,0
GA,Pierce,1527,302,SD,SD,0,0.00%,SD,0,0,0,0,0
GA,Pike,1256,132,0,0.00%,0,0.00%,0,0,0,0,0,0
GA,Polk,3471,182,SD,SD,SD,SD,SD,SD,0,0,0,0
GA,Pulaski,575,72,0,0.00%,0,0.00%,0,0,0,0,0,0
GA,Putnam,1375,194,0,0.00%,0,0.00%,0,0,0,0,0,0
GA,Quitman,144,18,0,0.00%,0,0.00%,0,0,0,0,0,0
GA,Rabun,875,45,0,0.00%,0,0.00%,0,0,0,0,0,0
GA,Randolph,394,67,0,0.00%,0,0.00%,0,0,0,0,0,0
GA,Richmond,16025,1412,22,1.60%,8,0.60%,14,SD,SD,SD,SD,0
GA,Rockdale,6319,835,SD,SD,SD,SD,SD,0,SD,0,0,0
GA,Schley,321,33,0,0.00%,0,0.00%,0,0,0,0,0,0
GA,Screven,979,233,SD,SD,SD,SD,0,SD,0,0,0,0
GA,Seminole,508,54,0,0.00%,0,0.00%,0,0,0,0,0,0
GA,Spalding,5174,732,8,1.10%,SD,SD,SD,SD,SD,0,0,0
GA,Stephens,1952,139,SD,SD,0,0.00%,SD,0,0,0,0,0
GA,Stewart,221,32,0,0.00%,0,0.00%,0,0,0,0,0,0
GA,Sumter,2118,300,SD,SD,SD,SD,0,SD,0,0,0,0
GA,Talbot,336,55,0,0.00%,0,0.00%,0,0,0,0,0,0
GA,Taliaferro,92,10,0,0.00%,0,0.00%,0,0,0,0,0,0
GA,Tattnall,1500,276,SD,SD,SD,SD,0,SD,0,0,0,0
GA,Taylor,519,59,SD,SD,SD,SD,SD,SD,0,0,0,0
GA,Telfair,803,57,SD,SD,0,0.00%,SD,0,0,0,0,0
GA,Terrell,604,90,6,6.70%,SD,SD,SD,SD,SD,0,0,0
GA,Thomas,3303,711,SD,SD,SD,SD,0,SD,SD,0,SD,0
GA,Tift,3358,241,0,0.00%,0,0.00%,0,0,0,0,0,0
GA,Toombs,2256,246,SD,SD,SD,SD,0,SD,0,SD,0,0
GA,Towns,525,85,0,0.00%,0,0.00%,0,0,0,0,0,0
GA,Treutlen,475,49,0,0.00%,0,0.00%,0,0,0,0,0,0
GA,Troup,5536,372,SD,SD,0,0.00%,SD,0,0,0,0,0
GA,Turner,682,83,SD,SD,SD,SD,0,SD,0,0,0,0
GA,Twiggs,455,29,0,0.00%,0,0.00%,0,0,0,0,0,0
GA,Union,1146,203,0,0.00%,0,0.00%,0,0,0,0,0,0
GA,Upson,1970,230,SD,SD,SD,SD,SD,0,0,0,SD,0
GA,Walker,4713,618,6,1.00%,SD,SD,SD,0,SD,0,SD,0
GA,Walton,6925,680,SD,SD,SD,SD,0,SD,0,0,0,0
GA,Ware,2941,653,SD,SD,SD,SD,SD,0,0,SD,0,0
GA,Warren,349,16,SD,SD,0,0.00%,SD,0,0,0,0,0
GA,Washington,1331,64,SD,SD,SD,SD,SD,0,SD,0,0,0
GA,Wayne,2227,546,SD,SD,0,0.00%,SD,0,0,0,0,0
GA,Webster,157,42,SD,SD,0,0.00%,SD,0,0,0,0,0
GA,Wheeler,399,37,0,0.00%,0,0.00%,0,0,0,0,0,0
GA,White,1802,119,0,0.00%,0,0.00%,0,0,0,0,0,0
GA,Whitfield,7952,1144,8,0.70%,SD,SD,SD,SD,0,0,0,0
GA,Wilcox,500,57,0,0.00%,0,0.00%,0,0,0,0,0,0
GA,Wilkes,602,79,SD,SD,0,0.00%,SD,0,0,0,0,0
GA,Wilkinson,592,117,SD,SD,SD,SD,0,0,SD,0,0,0
GA,Worth,1337,106,0,0.00%,0,0.00%,0,0,0,0,0,0
GA,Unknown,0,10397,65,0.60%,13,0.10%,52,7,SD,SD,SD,0
HI ,Hawaii,13727,1661,19,1.10%,SD,SD,17,SD,0,0,0,0
HI ,Honolulu,70917,11042,25,0.20%,10,0.10%,15,SD,SD,SD,SD,0
HI ,Kalawao,0,0,0,0.00%,0,0.00%,0,0,0,0,0,0
HI ,Kauai,4968,541,SD,SD,SD,SD,SD,SD,0,0,0,0
HI ,Maui,11659,1814,10,0.60%,SD,SD,6,SD,SD,0,SD,0
HI ,Unknown,0,SD,0,0.00%,0,0.00%,0,0,0,0,0,0
IL,Adams,4796,662,35,5.30%,10,1.50%,25,6,SD,SD,SD,0
IL,Alexander,333,63,SD,SD,SD,SD,SD,0,SD,0,0,0
IL,Bond,925,151,SD,SD,0,0.00%,SD,0,0,0,0,0
IL,Boone,3479,498,13,2.60%,SD,SD,12,SD,0,0,0,0
IL,Brown,368,54,SD,SD,0,0.00%,SD,0,0,0,0,0
IL,Bureau,2019,373,18,4.80%,SD,SD,14,0,SD,SD,SD,0
IL,Calhoun,254,31,0,0.00%,0,0.00%,0,0,0,0,0,0
IL,Carroll,874,142,6,4.20%,SD,SD,SD,SD,0,SD,0,0
IL,Cass,999,173,10,5.80%,SD,SD,SD,SD,SD,0,SD,0
IL,Champaign,13365,1203,12,1.00%,SD,SD,9,SD,SD,0,0,0
IL,Christian,1985,304,7,2.30%,SD,SD,SD,0,SD,0,SD,0
IL,Clark,1068,185,SD,SD,0,0.00%,SD,0,0,0,0,0
IL,Clay,963,162,SD,SD,SD,SD,SD,0,SD,0,0,0
IL,Clinton,2597,246,SD,SD,SD,SD,SD,SD,0,0,0,0
IL,Coles,2936,592,13,2.20%,SD,SD,10,SD,0,0,SD,0
IL,Cook,362191,88484,1305,1.50%,331,0.40%,974,174,74,30,46,7
IL,Crawford,1184,208,SD,SD,SD,SD,0,SD,0,0,0,0
IL,Cumberland,746,99,SD,SD,SD,SD,SD,SD,0,0,0,0
IL,DeKalb,7041,527,8,1.50%,SD,SD,SD,SD,SD,0,SD,0
IL,De Witt,1032,SD,SD,SD,SD,SD,SD,SD,0,0,0,0
IL,Douglas,1530,161,SD,SD,0,0.00%,SD,0,0,0,0,0
IL,DuPage,64399,4779,29,0.60%,7,0.10%,22,6,SD,0,0,0
IL,Edgar,1043,221,9,4.10%,SD,SD,6,SD,SD,0,0,SD
IL,Edwards,469,94,0,0.00%,0,0.00%,0,0,0,0,0,0
IL,Effingham,2717,302,SD,SD,0,0.00%,SD,0,0,0,0,0
IL,Fayette,1450,220,SD,SD,0,0.00%,SD,0,0,0,0,0
IL,Ford,929,124,7,5.60%,SD,SD,SD,SD,0,0,SD,0
IL,Franklin,2697,394,SD,SD,0,0.00%,SD,0,0,0,0,0
IL,Fulton,1967,266,8,3.00%,SD,SD,SD,SD,SD,0,0,0
IL,Gallatin,278,24,SD,SD,SD,SD,0,SD,0,0,0,0
IL,Greene,828,163,11,6.70%,SD,SD,7,SD,0,0,0,0
IL,Grundy,3702,433,SD,SD,0,0.00%,SD,0,0,0,0,0
IL,Hamilton,538,90,SD,SD,0,0.00%,SD,0,0,0,0,0
IL,Hancock,1134,135,SD,SD,0,0.00%,SD,0,0,0,0,0
IL,Hardin,189,21,0,0.00%,0,0.00%,0,0,0,0,0,0
IL,Henderson,381,41,SD,SD,0,0.00%,SD,0,0,0,0,0
IL,Henry,3102,604,18,3.00%,7,1.20%,11,7,0,0,0,0
IL,Iroquois,1815,175,SD,SD,0,0.00%,SD,0,0,0,0,0
IL,Jackson,3685,479,7,1.50%,SD,SD,6,SD,0,0,0,0
IL,Jasper,693,64,SD,SD,0,0.00%,SD,0,0,0,0,0
IL,Jefferson,2773,301,SD,SD,0,0.00%,SD,0,0,0,0,0
IL,Jersey,1298,178,SD,SD,SD,SD,SD,SD,0,0,0,0
IL,Jo Daviess,1127,128,7,5.50%,SD,SD,6,0,0,SD,0,0
IL,Johnson,698,56,0,0.00%,0,0.00%,0,0,0,0,0,0
IL,Kane,39031,5611,118,2.10%,31,0.60%,87,19,SD,SD,SD,0
IL,Kankakee,7635,772,12,1.60%,8,1.00%,SD,SD,SD,0,SD,SD
IL,Kendall,10107,665,SD,SD,0,0.00%,SD,0,0,0,0,0
IL,Knox,3379,596,27,4.50%,8,1.30%,19,SD,SD,SD,0,SD
IL,Lake,47228,4816,31,0.60%,8,0.20%,23,SD,SD,SD,0,0
IL,La Salle,6984,573,25,4.40%,13,2.30%,12,10,SD,0,SD,0
IL,Lawrence,887,129,SD,SD,SD,SD,SD,0,SD,0,0,0
IL,Lee,2027,275,8,2.90%,SD,SD,SD,SD,SD,SD,0,0
IL,Livingston,2475,393,7,1.80%,SD,SD,SD,SD,SD,0,0,0
IL,Logan,1755,180,7,3.90%,SD,SD,SD,SD,0,0,0,0
IL,McDonough,1584,96,6,6.30%,SD,SD,SD,SD,0,0,0,0
IL,McHenry,20097,1735,6,0.30%,0,0.00%,6,0,0,0,0,0
IL,McLean,11617,995,16,1.60%,7,0.70%,9,6,0,SD,0,0
IL,Macon,7669,1601,54,3.40%,17,1.10%,37,11,SD,SD,SD,0
IL,Macoupin,2814,474,9,1.90%,SD,SD,8,SD,0,0,0,0
IL,Madison,17702,2425,39,1.60%,14,0.60%,25,6,SD,SD,SD,SD
IL,Marion,2837,390,SD,SD,SD,SD,SD,0,0,SD,0,0
IL,Marshall,748,99,0,0.00%,0,0.00%,0,0,0,0,0,0
IL,Mason,792,121,SD,SD,SD,SD,SD,SD,SD,0,0,0
IL,Massac,897,104,SD,SD,0,0.00%,SD,0,0,0,0,0
IL,Menard,775,64,SD,SD,0,0.00%,SD,0,0,0,0,0
IL,Mercer,901,165,SD,SD,SD,SD,SD,SD,0,SD,0,0
IL,Monroe,2435,216,SD,SD,SD,SD,SD,0,0,SD,SD,0
IL,Montgomery,1761,221,SD,SD,SD,SD,SD,SD,0,0,0,0
IL,Morgan,1991,342,7,2.00%,0,0.00%,7,0,0,0,0,0
IL,Moultrie,1056,139,6,4.30%,SD,SD,SD,SD,0,0,0,0
IL,Ogle,3328,432,11,2.50%,SD,SD,9,SD,0,0,0,0
IL,Peoria,14502,2623,53,2.00%,19,0.70%,34,12,SD,SD,SD,0
IL,Perry,1177,195,SD,SD,SD,SD,SD,SD,0,0,0,0
IL,Piatt,1141,120,SD,SD,0,0.00%,SD,0,0,0,0,0
IL,Pike,1163,214,SD,SD,SD,SD,SD,SD,0,0,0,0
IL,Pope,126,14,0,0.00%,0,0.00%,0,0,0,0,0,0
IL,Pulaski,340,49,SD,SD,0,0.00%,SD,0,0,0,0,0
IL,Putnam,329,40,0,0.00%,0,0.00%,0,0,0,0,0,0
IL,Randolph,1889,313,SD,SD,SD,SD,SD,SD,0,0,0,0
IL,Richland,1140,116,SD,SD,SD,SD,SD,0,SD,0,0,0
IL,Rock Island,10330,2216,58,2.60%,20,0.90%,38,8,SD,SD,SD,0
IL,St. Clair,19253,2304,17,0.70%,SD,SD,12,SD,0,0,0,SD
IL,Saline,1684,115,SD,SD,SD,SD,0,SD,0,0,0,0
IL,Sangamon,13421,1592,26,1.60%,12,0.80%,14,SD,SD,SD,SD,0
IL,Schuyler,350,43,SD,SD,SD,SD,SD,SD,0,0,0,0
IL,Scott,292,50,SD,SD,0,0.00%,SD,0,0,0,0,0
IL,Shelby,1421,181,SD,SD,0,0.00%,SD,0,0,0,0,0
IL,Stark,349,94,SD,SD,SD,SD,SD,SD,0,SD,0,0
IL,Stephenson,2949,727,67,9.20%,32,4.40%,35,17,10,SD,SD,0
IL,Tazewell,8657,944,7,0.70%,SD,SD,SD,SD,SD,0,0,0
IL,Union,1100,159,9,5.70%,SD,SD,6,SD,SD,0,0,0
IL,Vermilion,5573,1076,33,3.10%,7,0.70%,26,6,0,0,SD,0
IL,Wabash,789,158,0,0.00%,0,0.00%,0,0,0,0,0,0
IL,Warren,1198,222,15,6.80%,SD,SD,11,SD,0,SD,SD,0
IL,Washington,923,97,0,0.00%,0,0.00%,0,0,0,0,0,0
IL,Wayne,1171,176,7,4.00%,SD,SD,SD,SD,0,0,0,0
IL,White,874,91,SD,SD,0,0.00%,SD,0,0,0,0,0
IL,Whiteside,3704,499,9,1.80%,SD,SD,6,SD,SD,SD,0,0
IL,Will,47732,4790,29,0.60%,7,0.10%,22,SD,SD,SD,SD,0
IL,Williamson,4581,383,SD,SD,SD,SD,0,SD,SD,0,0,0
IL,Winnebago,21347,3874,143,3.70%,34,0.90%,109,20,8,SD,SD,SD
IL,Woodford,2618,364,SD,SD,SD,SD,SD,0,SD,0,0,0
IL,Unknown,0,19046,319,1.70%,86,0.50%,233,48,17,9,SD,8
IA,Adair,523,95,SD,SD,0,0.00%,SD,0,0,0,0,0
IA,Adams,232,65,0,0.00%,0,0.00%,0,0,0,0,0,0
IA,Allamakee,1132,357,12,3.40%,6,1.70%,6,SD,SD,SD,SD,0
IA,Appanoose,833,144,SD,SD,0,0.00%,SD,0,0,0,0,0
IA,Audubon,395,87,SD,SD,SD,SD,SD,SD,0,0,0,0
IA,Benton,1891,342,7,2.00%,SD,SD,SD,SD,0,SD,SD,0
IA,Black Hawk,9732,2662,32,1.20%,17,0.60%,15,9,SD,SD,SD,SD
IA,Boone,1665,398,SD,SD,SD,SD,SD,SD,0,SD,0,0
IA,Bremer,1758,501,SD,SD,SD,SD,SD,0,0,0,SD,0
IA,Buchanan,1690,381,SD,SD,SD,SD,SD,SD,0,0,0,0
IA,Buena Vista,1767,611,7,1.10%,SD,SD,SD,SD,0,0,SD,0
IA,Butler,888,290,SD,SD,SD,SD,SD,SD,0,0,0,0
IA,Calhoun,633,171,SD,SD,SD,SD,0,0,0,0,SD,0
IA,Carroll,1503,420,SD,SD,0,0.00%,SD,0,0,0,0,0
IA,Cass,835,191,8,4.20%,SD,SD,SD,SD,0,0,0,0
IA,Cedar,1139,230,SD,SD,SD,SD,0,SD,0,0,0,0
IA,Cerro Gordo,2783,687,8,1.20%,SD,SD,6,SD,0,0,0,0
IA,Cherokee,745,207,7,3.40%,SD,SD,SD,SD,0,0,SD,0
IA,Chickasaw,853,198,SD,SD,0,0.00%,SD,0,0,0,0,0
IA,Clarke,731,222,SD,SD,SD,SD,0,SD,0,0,0,0
IA,Clay,1170,274,SD,SD,0,0.00%,SD,0,0,0,0,0
IA,Clayton,1112,268,7,2.60%,SD,SD,6,0,0,0,SD,0
IA,Clinton,3371,1037,18,1.70%,10,1.00%,8,SD,SD,SD,0,0
IA,Crawford,1375,279,SD,SD,SD,SD,SD,SD,0,SD,0,0
IA,Dallas,8444,1814,6,0.30%,SD,SD,SD,0,SD,0,0,0
IA,Davis,966,104,SD,SD,SD,SD,0,0,SD,0,0,0
IA,Decatur,570,95,SD,SD,0,0.00%,SD,0,0,0,0,0
IA,Delaware,1224,267,6,2.20%,SD,SD,SD,SD,0,SD,0,0
IA,Des Moines,2685,418,18,4.30%,10,2.40%,8,SD,SD,SD,0,0
IA,Dickinson,1052,200,SD,SD,0,0.00%,SD,0,0,0,0,0
IA,Dubuque,7289,1314,36,2.70%,16,1.20%,20,SD,SD,SD,0,SD
IA,Emmet,558,164,0,0.00%,0,0.00%,0,0,0,0,0,0
IA,Fayette,1268,353,12,3.40%,SD,SD,10,SD,0,0,0,0
IA,Floyd,1130,217,7,3.20%,SD,SD,SD,SD,0,0,0,0
IA,Franklin,714,176,SD,SD,SD,SD,0,SD,SD,SD,0,0
IA,Fremont,465,64,SD,SD,0,0.00%,SD,0,0,0,0,0
IA,Greene,624,106,SD,SD,SD,SD,SD,SD,0,0,0,0
IA,Grundy,813,259,SD,SD,SD,SD,SD,SD,0,0,0,0
IA,Guthrie,671,90,SD,SD,SD,SD,SD,SD,0,0,0,0
IA,Hamilton,1109,332,6,1.80%,SD,SD,SD,SD,0,0,SD,0
IA,Hancock,702,144,SD,SD,SD,SD,0,SD,0,0,0,0
IA,Hardin,967,245,8,3.30%,SD,SD,SD,SD,SD,0,SD,0
IA,Harrison,989,190,SD,SD,SD,SD,0,SD,SD,SD,0,0
IA,Henry,1305,295,6,2.00%,SD,SD,SD,SD,0,0,0,0
IA,Howard,753,204,SD,SD,0,0.00%,SD,0,0,0,0,0
IA,Humboldt,712,124,SD,SD,SD,SD,SD,SD,0,0,0,0
IA,Ida,486,121,SD,SD,0,0.00%,SD,0,0,0,0,0
IA,Iowa,1132,176,6,3.40%,SD,SD,SD,0,SD,0,SD,0
IA,Jackson,1316,346,6,1.70%,SD,SD,SD,SD,0,0,0,0
IA,Jasper,2533,534,8,1.50%,SD,SD,6,SD,0,SD,0,0
IA,Jefferson,952,197,8,4.10%,SD,SD,SD,SD,SD,0,0,0
IA,Johnson,10434,2215,SD,SD,SD,SD,SD,SD,0,0,0,0
IA,Jones,1245,337,SD,SD,0,0.00%,SD,0,0,0,0,0
IA,Keokuk,691,192,SD,SD,0,0.00%,SD,0,0,0,0,0
IA,Kossuth,1037,173,SD,SD,SD,SD,SD,SD,SD,SD,0,0
IA,Lee,2300,505,29,5.70%,17,3.40%,12,7,9,SD,0,0
IA,Linn,16716,3940,58,1.50%,19,0.50%,39,12,SD,SD,0,SD
IA,Louisa,808,152,0,0.00%,0,0.00%,0,0,0,0,0,0
IA,Lucas,652,129,SD,SD,SD,SD,0,0,0,0,SD,0
IA,Lyon,1065,200,SD,SD,0,0.00%,SD,0,0,0,0,0
IA,Madison,1127,188,SD,SD,0,0.00%,SD,0,0,0,0,0
IA,Mahaska,1777,410,SD,SD,SD,SD,SD,SD,0,0,SD,0
IA,Marion,2274,388,SD,SD,0,0.00%,SD,0,0,0,0,0
IA,Marshall,3053,1103,22,2.00%,7,0.60%,15,SD,SD,SD,0,0
IA,Mills,932,168,SD,SD,SD,SD,0,SD,SD,0,0,0
IA,Mitchell,776,164,6,3.70%,SD,SD,SD,SD,SD,0,0,0
IA,Monona,610,145,0,0.00%,0,0.00%,0,0,0,0,0,0
IA,Monroe,553,159,SD,SD,SD,SD,0,0,SD,0,0,0
IA,Montgomery,741,211,SD,SD,SD,SD,SD,0,0,SD,0,0
IA,Muscatine,3219,704,16,2.30%,8,1.10%,8,6,0,SD,0,0
IA,O'Brien,1026,187,SD,SD,0,0.00%,SD,0,0,0,0,0
IA,Osceola,417,58,0,0.00%,0,0.00%,0,0,0,0,0,0
IA,Page,850,121,SD,SD,0,0.00%,SD,0,0,0,0,0
IA,Palo Alto,647,105,SD,SD,SD,SD,SD,SD,0,0,0,0
IA,Plymouth,1923,515,SD,SD,SD,SD,SD,SD,SD,0,SD,0
IA,Pocahontas,475,137,SD,SD,SD,SD,SD,0,SD,0,0,0
IA,Polk,40722,9136,41,0.40%,12,0.10%,29,6,SD,0,SD,0
IA,Pottawattamie,6834,1308,13,1.00%,SD,SD,9,SD,SD,0,SD,0
IA,Poweshiek,1076,180,SD,SD,SD,SD,0,SD,0,0,0,0
IA,Ringgold,333,75,0,0.00%,0,0.00%,0,0,0,0,0,0
IA,Sac,697,210,SD,SD,SD,SD,0,SD,SD,0,0,0
IA,Scott,12817,2882,51,1.80%,9,0.30%,42,6,SD,SD,0,0
IA,Shelby,749,218,SD,SD,SD,SD,SD,SD,0,0,0,0
IA,Sioux,2961,888,9,1.00%,SD,SD,7,SD,0,0,SD,0
IA,Story,5074,1123,10,0.90%,0,0.00%,10,0,0,0,0,0
IA,Tama,1341,366,15,4.10%,8,2.20%,7,7,0,0,SD,0
IA,Taylor,433,89,0,0.00%,0,0.00%,0,0,0,0,0,0
IA,Union,794,224,7,3.10%,SD,SD,SD,SD,SD,0,0,0
IA,Van Buren,535,95,SD,SD,SD,SD,SD,SD,SD,0,0,0
IA,Wapello,2707,1165,17,1.50%,7,0.60%,10,SD,0,SD,0,0
IA,Warren,3884,772,SD,SD,SD,SD,SD,0,0,0,SD,0
IA,Washington,1741,389,SD,SD,SD,SD,SD,0,SD,0,0,0
IA,Wayne,543,71,7,9.90%,SD,SD,SD,SD,SD,0,0,0
IA,Webster,2553,641,SD,SD,SD,SD,SD,0,SD,0,0,SD
IA,Winnebago,650,158,SD,SD,SD,SD,0,0,SD,0,0,0
IA,Winneshiek,1077,293,0,0.00%,0,0.00%,0,0,0,0,0,0
IA,Woodbury,8642,2372,32,1.30%,14,0.60%,18,7,SD,SD,SD,0
IA,Worth,534,126,SD,SD,0,0.00%,SD,0,0,0,0,0
IA,Wright,981,240,12,5.00%,6,2.50%,6,SD,SD,0,0,SD
IA,Unknown,0,SD,SD,SD,0,0.00%,SD,0,0,0,0,0
KS,Allen,866,67,SD,SD,SD,SD,SD,SD,0,0,0,0
KS,Anderson,645,47,SD,SD,0,0.00%,SD,0,0,0,0,0
KS,Atchison,1087,89,8,9.00%,SD,SD,SD,0,SD,0,SD,0
KS,Barber,330,17,0,0.00%,0,0.00%,0,0,0,0,0,0
KS,Barton,1882,191,SD,SD,SD,SD,SD,0,SD,SD,0,0
KS,Bourbon,1155,116,SD,SD,0,0.00%,SD,0,0,0,0,0
KS,Brown,765,52,SD,SD,SD,SD,SD,SD,0,0,0,0
KS,Butler,4779,224,SD,SD,0,0.00%,SD,0,0,0,0,0
KS,Chase,159,14,SD,SD,SD,SD,0,0,0,SD,0,0
KS,Chautauqua,220,50,SD,SD,0,0.00%,SD,0,0,0,0,0
KS,Cherokee,1421,206,6,2.90%,SD,SD,SD,0,0,0,SD,0
KS,Cheyenne,205,31,SD,SD,0,0.00%,SD,0,0,0,0,0
KS,Clark,143,12,SD,SD,0,0.00%,SD,0,0,0,0,0
KS,Clay,580,82,SD,SD,SD,SD,SD,SD,0,0,SD,0
KS,Cloud,625,78,SD,SD,0,0.00%,SD,0,0,0,0,0
KS,Coffey,496,70,SD,SD,SD,SD,SD,SD,0,0,0,0
KS,Comanche,101,SD,0,0.00%,0,0.00%,0,0,0,0,0,0
KS,Cowley,2421,291,8,2.70%,SD,SD,7,SD,0,0,0,0
KS,Crawford,2817,451,9,2.00%,SD,SD,8,0,SD,0,0,0
KS,Decatur,189,26,0,0.00%,0,0.00%,0,0,0,0,0,0
KS,Dickinson,1175,158,SD,SD,0,0.00%,SD,0,0,0,0,0
KS,Doniphan,516,56,SD,SD,SD,SD,SD,0,SD,0,0,0
KS,Douglas,6932,415,SD,SD,0,0.00%,SD,0,0,0,0,0
KS,Edwards,188,20,SD,SD,SD,SD,SD,0,0,0,SD,0
KS,Elk,163,6,0,0.00%,0,0.00%,0,0,0,0,0,0
KS,Ellis,1896,238,6,2.50%,SD,SD,SD,SD,SD,0,0,0
KS,Ellsworth,321,43,SD,SD,0,0.00%,SD,0,0,0,0,0
KS,Finney,3641,517,SD,SD,SD,SD,SD,SD,0,0,0,0
KS,Ford,3371,861,8,0.90%,SD,SD,7,SD,0,0,0,0
KS,Franklin,1913,185,SD,SD,0,0.00%,SD,0,0,0,0,0
KS,Geary,4570,545,SD,SD,SD,SD,SD,SD,0,0,0,0
KS,Gove,210,8,0,0.00%,0,0.00%,0,0,0,0,0,0
KS,Graham,126,44,SD,SD,SD,SD,0,SD,0,0,0,0
KS,Grant,662,79,0,0.00%,0,0.00%,0,0,0,0,0,0
KS,Gray,517,27,SD,SD,0,0.00%,SD,0,0,0,0,0
KS,Greeley,94,22,0,0.00%,0,0.00%,0,0,0,0,0,0
KS,Greenwood,370,17,0,0.00%,0,0.00%,0,0,0,0,0,0
KS,Hamilton,181,SD,0,0.00%,0,0.00%,0,0,0,0,0,0
KS,Harper,413,41,SD,SD,SD,SD,0,SD,0,0,0,0
KS,Harvey,2361,269,SD,SD,SD,SD,SD,SD,0,0,0,0
KS,Haskell,349,13,0,0.00%,0,0.00%,0,0,0,0,0,0
KS,Hodgeman,137,SD,0,0.00%,0,0.00%,0,0,0,0,0,0
KS,Jackson,1062,70,SD,SD,SD,SD,SD,0,SD,0,0,0
KS,Jefferson,1208,70,0,0.00%,0,0.00%,0,0,0,0,0,0
KS,Jewell,180,SD,0,0.00%,0,0.00%,0,0,0,0,0,0
KS,Johnson,45148,3636,19,0.50%,8,0.20%,11,SD,SD,0,SD,0
KS,Kearny,340,15,SD,SD,SD,SD,0,SD,0,0,0,0
KS,Kingman,450,41,SD,SD,0,0.00%,SD,0,0,0,0,0
KS,Kiowa,199,SD,0,0.00%,0,0.00%,0,0,0,0,0,0
KS,Labette,1562,137,8,5.80%,SD,SD,SD,SD,0,SD,0,0
KS,Lane,112,SD,0,0.00%,0,0.00%,0,0,0,0,0,0
KS,Leavenworth,6377,789,10,1.30%,SD,SD,SD,SD,SD,0,SD,0
KS,Lincoln,189,35,SD,SD,0,0.00%,SD,0,0,0,0,0
KS,Linn,581,54,SD,SD,0,0.00%,SD,0,0,0,0,0
KS,Logan,259,34,0,0.00%,0,0.00%,0,0,0,0,0,0
KS,Lyon,2358,291,10,3.40%,SD,SD,7,SD,0,0,0,0
KS,McPherson,1896,255,7,2.70%,SD,SD,6,SD,0,0,0,0
KS,Marion,678,117,SD,SD,0,0.00%,SD,0,0,0,0,0
KS,Marshall,759,127,SD,SD,SD,SD,0,SD,0,0,0,0
KS,Meade,351,17,0,0.00%,0,0.00%,0,0,0,0,0,0
KS,Miami,2433,181,SD,SD,0,0.00%,SD,0,0,0,0,0
KS,Mitchell,440,7,0,0.00%,0,0.00%,0,0,0,0,0,0
KS,Montgomery,2253,344,25,7.30%,9,2.60%,16,SD,SD,0,SD,0
KS,Morris,372,32,SD,SD,0,0.00%,SD,0,0,0,0,0
KS,Morton,163,9,0,0.00%,0,0.00%,0,0,0,0,0,0
KS,Nemaha,904,41,SD,SD,SD,SD,0,SD,0,0,0,0
KS,Neosho,1195,120,SD,SD,SD,SD,SD,0,0,0,SD,0
KS,Ness,195,17,0,0.00%,0,0.00%,0,0,0,0,0,0
KS,Norton,334,57,SD,SD,SD,SD,SD,0,0,0,SD,0
KS,Osage,1047,76,0,0.00%,0,0.00%,0,0,0,0,0,0
KS,Osborne,239,8,SD,SD,SD,SD,SD,SD,0,0,0,0
KS,Ottawa,361,51,SD,SD,0,0.00%,SD,0,0,0,0,0
KS,Pawnee,297,56,SD,SD,0,0.00%,SD,0,0,0,0,0
KS,Phillips,372,20,SD,SD,0,0.00%,SD,0,0,0,0,0
KS,Pottawatomie,2249,134,SD,SD,0,0.00%,SD,0,0,0,0,0
KS,Pratt,698,77,SD,SD,0,0.00%,SD,0,0,0,0,0
KS,Rawlins,209,34,SD,SD,0,0.00%,SD,0,0,0,0,0
KS,Reno,4011,551,17,3.10%,SD,SD,13,SD,SD,0,0,0
KS,Republic,312,22,0,0.00%,0,0.00%,0,0,0,0,0,0
KS,Rice,643,70,6,8.60%,SD,SD,SD,SD,0,0,SD,0
KS,Riley,4679,407,SD,SD,0,0.00%,SD,0,0,0,0,0
KS,Rooks,363,19,SD,SD,SD,SD,SD,SD,0,0,0,0
KS,Rush,162,19,SD,SD,0,0.00%,SD,0,0,0,0,0
KS,Russell,486,56,0,0.00%,0,0.00%,0,0,0,0,0,0
KS,Saline,3957,681,40,5.90%,12,1.80%,28,7,SD,SD,SD,0
KS,Scott,358,57,0,0.00%,0,0.00%,0,0,0,0,0,0
KS,Sedgwick,41642,3484,46,1.30%,13,0.40%,33,7,SD,SD,SD,0
KS,Seward,2176,327,SD,SD,SD,SD,SD,SD,0,0,SD,0
KS,Shawnee,12703,1188,18,1.50%,SD,SD,16,SD,SD,0,0,0
KS,Sheridan,169,20,SD,SD,0,0.00%,SD,0,0,0,0,0
KS,Sherman,452,52,SD,SD,0,0.00%,SD,0,0,0,0,0
KS,Smith,246,SD,0,0.00%,0,0.00%,0,0,0,0,0,0
KS,Stafford,310,23,0,0.00%,0,0.00%,0,0,0,0,0,0
KS,Stanton,153,SD,0,0.00%,0,0.00%,0,0,0,0,0,0
KS,Stevens,434,42,SD,SD,SD,SD,0,SD,0,0,0,0
KS,Sumner,1610,125,0,0.00%,0,0.00%,0,0,0,0,0,0
KS,Thomas,646,99,SD,SD,0,0.00%,SD,0,0,0,0,0
KS,Trego,169,18,0,0.00%,0,0.00%,0,0,0,0,0,0
KS,Wabaunsee,470,28,SD,SD,0,0.00%,SD,0,0,0,0,0
KS,Wallace,163,19,0,0.00%,0,0.00%,0,0,0,0,0,0
KS,Washington,473,35,0,0.00%,0,0.00%,0,0,0,0,0,0
KS,Wichita,154,14,0,0.00%,0,0.00%,0,0,0,0,0,0
KS,Wilson,624,51,SD,SD,SD,SD,SD,SD,0,0,0,0
KS,Woodson,185,11,SD,SD,0,0.00%,SD,0,0,0,0,0
KS,Wyandotte,15281,2641,43,1.60%,14,0.50%,29,12,SD,0,SD,0
KS,Unknown,0,534,8,1.50%,SD,SD,7,SD,0,0,0,0
LA,Acadia,5055,191,SD,SD,SD,SD,SD,SD,0,0,0,0
LA,Allen,1827,91,0,0.00%,0,0.00%,0,0,0,0,0,0
LA,Ascension,10692,713,SD,SD,0,0.00%,SD,0,0,0,0,0
LA,Assumption,1391,69,SD,SD,0,0.00%,SD,0,0,0,0,0
LA,Avoyelles,3115,300,SD,SD,0,0.00%,SD,0,0,0,0,0
LA,Beauregard,3212,96,SD,SD,0,0.00%,SD,0,0,0,0,0
LA,Bienville,934,67,0,0.00%,0,0.00%,0,0,0,0,0,0
LA,Bossier,10177,729,0,0.00%,0,0.00%,0,0,0,0,0,0
LA,Caddo,18120,1800,18,1.00%,8,0.40%,10,SD,SD,SD,SD,0
LA,Calcasieu,17368,363,SD,SD,SD,SD,SD,0,SD,0,0,0
LA,Caldwell,754,68,0,0.00%,0,0.00%,0,0,0,0,0,0
LA,Cameron,489,7,0,0.00%,0,0.00%,0,0,0,0,0,0
LA,Catahoula,618,36,0,0.00%,0,0.00%,0,0,0,0,0,0
LA,Claiborne,857,60,SD,SD,0,0.00%,SD,0,0,0,0,0
LA,Concordia,1440,131,SD,SD,0,0.00%,SD,0,0,0,0,0
LA,De Soto,2016,152,0,0.00%,0,0.00%,0,0,0,0,0,0
LA,East Baton Rouge,33973,2142,SD,SD,0,0.00%,SD,0,0,0,0,0
LA,East Carroll,460,24,0,0.00%,0,0.00%,0,0,0,0,0,0
LA,East Feliciana,1070,62,SD,SD,0,0.00%,SD,0,0,0,0,0
LA,Evangeline,2804,157,SD,SD,0,0.00%,SD,0,0,0,0,0
LA,Franklin,1587,151,0,0.00%,0,0.00%,0,0,0,0,0,0
LA,Grant,1511,87,0,0.00%,0,0.00%,0,0,0,0,0,0
LA,Iberia,5716,191,0,0.00%,0,0.00%,0,0,0,0,0,0
LA,Iberville,2171,86,0,0.00%,0,0.00%,0,0,0,0,0,0
LA,Jackson,962,90,0,0.00%,0,0.00%,0,0,0,0,0,0
LA,Jefferson,33347,2012,7,0.30%,SD,SD,6,SD,0,0,0,0
LA,Jefferson Davis,2534,137,SD,SD,SD,SD,SD,0,SD,0,0,0
LA,Lafayette,19637,379,SD,SD,0,0.00%,SD,0,0,0,0,0
LA,Lafourche,7225,198,0,0.00%,0,0.00%,0,0,0,0,0,0
LA,La Salle,1088,108,0,0.00%,0,0.00%,0,0,0,0,0,0
LA,Lincoln,2989,243,SD,SD,SD,SD,0,0,0,SD,0,0
LA,Livingston,11500,578,0,0.00%,0,0.00%,0,0,0,0,0,0
LA,Madison,844,23,0,0.00%,0,0.00%,0,0,0,0,0,0
LA,Morehouse,1947,156,SD,SD,0,0.00%,SD,0,0,0,0,0
LA,Natchitoches,2772,198,0,0.00%,0,0.00%,0,0,0,0,0,0
LA,Orleans,26433,1694,12,0.70%,SD,SD,9,SD,SD,0,0,0
LA,Ouachita,12190,708,8,1.10%,SD,SD,7,0,0,SD,0,0
LA,Plaquemines,1824,59,0,0.00%,0,0.00%,0,0,0,0,0,0
LA,Pointe Coupee,1547,98,SD,SD,SD,SD,0,0,0,0,SD,0
LA,Rapides,10311,509,SD,SD,0,0.00%,SD,0,0,0,0,0
LA,Red River,609,74,0,0.00%,0,0.00%,0,0,0,0,0,0
LA,Richland,1575,173,SD,SD,0,0.00%,SD,0,0,0,0,0
LA,Sabine,1648,70,0,0.00%,0,0.00%,0,0,0,0,0,0
LA,St. Bernard,3850,69,0,0.00%,0,0.00%,0,0,0,0,0,0
LA,St. Charles,3813,63,0,0.00%,0,0.00%,0,0,0,0,0,0
LA,St. Helena,688,8,0,0.00%,0,0.00%,0,0,0,0,0,0
LA,St. James,1440,32,0,0.00%,0,0.00%,0,0,0,0,0,0
LA,St. John the Baptist,3257,20,0,0.00%,0,0.00%,0,0,0,0,0,0
LA,St. Landry,7066,228,SD,SD,0,0.00%,SD,0,0,0,0,0
LA,St. Martin,4112,16,0,0.00%,0,0.00%,0,0,0,0,0,0
LA,St. Mary,3915,39,0,0.00%,0,0.00%,0,0,0,0,0,0
LA,St. Tammany,18740,242,SD,SD,0,0.00%,SD,0,0,0,0,0
LA,Tangipahoa,11433,481,SD,SD,SD,SD,SD,0,SD,0,0,0
LA,Tensas,275,15,0,0.00%,0,0.00%,0,0,0,0,0,0
LA,Terrebonne,8997,203,SD,SD,SD,SD,SD,SD,0,0,0,0
LA,Union,1521,109,SD,SD,0,0.00%,SD,0,0,0,0,0
LA,Vermilion,4621,279,0,0.00%,0,0.00%,0,0,0,0,0,0
LA,Vernon,4426,173,0,0.00%,0,0.00%,0,0,0,0,0,0
LA,Washington,3458,217,SD,SD,SD,SD,0,SD,0,0,0,0
LA,Webster,2755,122,0,0.00%,0,0.00%,0,0,0,0,0,0
LA,West Baton Rouge,2213,92,0,0.00%,0,0.00%,0,0,0,0,0,0
LA,West Carroll,693,49,0,0.00%,0,0.00%,0,0,0,0,0,0
LA,West Feliciana,781,21,0,0.00%,0,0.00%,0,0,0,0,0,0
LA,Winn,930,77,0,0.00%,0,0.00%,0,0,0,0,0,0
LA,Unknown,0,11744,55,0.50%,8,0.10%,47,6,SD,0,0,0
MD,Allegany,3838,936,14,1.50%,SD,SD,9,SD,SD,0,SD,0
MD,Anne Arundel,42679,9762,38,0.40%,8,0.10%,30,SD,SD,SD,0,0
MD,Baltimore,58607,16489,114,0.70%,22,0.10%,92,11,8,SD,SD,0
MD,Calvert,6120,1240,8,0.60%,SD,SD,6,SD,SD,0,0,0
MD,Caroline,2520,630,8,1.30%,SD,SD,6,SD,0,0,0,0
MD,Carroll,11313,2563,11,0.40%,0,0.00%,11,0,0,0,0,0
MD,Cecil,7040,1526,11,0.70%,SD,SD,9,SD,0,0,0,0
MD,Charles,11784,2258,8,0.40%,SD,SD,7,0,SD,0,0,0
MD,Dorchester,2122,537,7,1.30%,0,0.00%,7,0,0,0,0,0
MD,Frederick,19060,4082,23,0.60%,6,0.10%,17,SD,SD,0,0,0
MD,Garrett,1648,293,SD,SD,0,0.00%,SD,0,0,0,0,0
MD,Harford,17498,4087,8,0.20%,SD,SD,6,SD,0,0,0,0
MD,Howard,23161,4684,36,0.80%,8,0.20%,28,6,SD,SD,0,0
MD,Kent,920,180,SD,SD,0,0.00%,SD,0,0,0,0,0
MD,Montgomery,76717,20503,106,0.50%,33,0.20%,73,24,SD,SD,SD,0
MD,Prince George's,70242,19881,161,0.80%,41,0.20%,120,27,6,SD,SD,0
MD,Queen Anne's,3139,732,SD,SD,SD,SD,SD,SD,0,0,SD,0
MD,St. Mary's,8619,1967,SD,SD,0,0.00%,SD,0,0,0,0,0
MD,Somerset,1388,348,6,1.70%,SD,SD,SD,0,0,SD,0,0
MD,Talbot,2043,485,8,1.60%,SD,SD,SD,SD,0,SD,0,0
MD,Washington,10242,2507,41,1.60%,10,0.40%,31,6,SD,SD,SD,0
MD,Wicomico,7580,1865,16,0.90%,SD,SD,13,SD,SD,0,SD,0
MD,Worcester,2632,612,SD,SD,0,0.00%,SD,0,0,0,0,0
MD,Baltimore (city),42461,11453,394,3.40%,86,0.80%,308,47,24,10,SD,SD
MD,Unknown,0,146,6,4.10%,SD,SD,SD,SD,SD,SD,0,0
MI,Alcona,406,77,0,0.00%,0,0.00%,0,0,0,0,0,0
MI,Alger,402,19,0,0.00%,0,0.00%,0,0,0,0,0,0
MI,Allegan,8796,910,12,1.30%,SD,SD,10,SD,0,SD,0,0
MI,Alpena,1600,258,SD,SD,0,0.00%,SD,0,0,0,0,0
MI,Antrim,1182,185,0,0.00%,0,0.00%,0,0,0,0,0,0
MI,Arenac,868,105,0,0.00%,0,0.00%,0,0,0,0,0,0
MI,Baraga,394,88,0,0.00%,0,0.00%,0,0,0,0,0,0
MI,Barry,4125,221,SD,SD,0,0.00%,SD,0,0,0,0,0
MI,Bay,6005,782,6,0.80%,SD,SD,SD,SD,0,SD,0,0
MI,Benzie,966,127,0,0.00%,0,0.00%,0,0,0,0,0,0
MI,Berrien,10280,1137,32,2.80%,8,0.70%,24,SD,SD,0,SD,0
MI,Branch,3224,252,9,3.60%,7,2.80%,SD,SD,SD,SD,0,0
MI,Calhoun,9583,1243,36,2.90%,9,0.70%,27,SD,SD,SD,SD,0
MI,Cass,2997,361,7,1.90%,SD,SD,6,SD,0,0,0,0
MI,Charlevoix,1389,247,0,0.00%,0,0.00%,0,0,0,0,0,0
MI,Cheboygan,1202,94,SD,SD,0,0.00%,SD,0,0,0,0,0
MI,Chippewa,2036,164,0,0.00%,0,0.00%,0,0,0,0,0,0
MI,Clare,1934,159,0,0.00%,0,0.00%,0,0,0,0,0,0
MI,Clinton,5275,248,SD,SD,SD,SD,SD,SD,0,0,0,0
MI,Crawford,756,58,0,0.00%,0,0.00%,0,0,0,0,0,0
MI,Delta,2114,241,SD,SD,SD,SD,SD,0,0,SD,0,0
MI,Dickinson,1542,67,SD,SD,0,0.00%,SD,0,0,0,0,0
MI,Eaton,7050,406,6,1.50%,0,0.00%,6,0,0,0,0,0
MI,Emmet,1815,307,0,0.00%,0,0.00%,0,0,0,0,0,0
MI,Genesee,28331,3540,16,0.50%,6,0.20%,10,6,0,0,0,0
MI,Gladwin,1628,75,0,0.00%,0,0.00%,0,0,0,0,0,0
MI,Gogebic,725,93,SD,SD,0,0.00%,SD,0,0,0,0,0
MI,Grand Traverse,5643,724,SD,SD,0,0.00%,SD,0,0,0,0,0
MI,Gratiot,2414,163,SD,SD,SD,SD,SD,SD,0,0,0,0
MI,Hillsdale,3039,322,11,3.40%,SD,SD,10,0,0,0,SD,0
MI,Houghton,2206,393,7,1.80%,SD,SD,6,0,0,SD,0,0
MI,Huron,1760,197,SD,SD,0,0.00%,SD,0,0,0,0,0
MI,Ingham,18987,1189,33,2.80%,16,1.30%,17,6,6,SD,SD,0
MI,Ionia,4381,506,6,1.20%,SD,SD,SD,0,0,SD,0,0
MI,Iosco,1441,119,0,0.00%,0,0.00%,0,0,0,0,0,0
MI,Iron,569,32,SD,SD,0,0.00%,SD,0,0,0,0,0
MI,Isabella,3846,420,SD,SD,SD,SD,0,0,0,0,SD,0
MI,Jackson,10646,1693,16,0.90%,6,0.40%,10,SD,0,SD,SD,0
MI,Kalamazoo,18699,2805,32,1.10%,11,0.40%,21,6,SD,SD,SD,0
MI,Kalkaska,1139,124,0,0.00%,0,0.00%,0,0,0,0,0,0
MI,Kent,51347,5948,77,1.30%,22,0.40%,55,13,SD,SD,SD,0
MI,Keweenaw,108,16,0,0.00%,0,0.00%,0,0,0,0,0,0
MI,Lake,621,59,0,0.00%,0,0.00%,0,0,0,0,0,0
MI,Lapeer,5185,618,SD,SD,0,0.00%,SD,0,0,0,0,0
MI,Leelanau,1022,117,0,0.00%,0,0.00%,0,0,0,0,0,0
MI,Lenawee,6342,634,18,2.80%,SD,SD,13,SD,SD,SD,0,0
MI,Livingston,11593,557,SD,SD,0,0.00%,SD,0,0,0,0,0
MI,Luce,334,25,SD,SD,SD,SD,0,0,SD,0,0,0
MI,Mackinac,566,46,SD,SD,0,0.00%,SD,0,0,0,0,0
MI,Macomb,57066,8078,19,0.20%,7,0.10%,12,SD,SD,SD,SD,SD
MI,Manistee,1250,203,SD,SD,SD,SD,0,SD,0,0,0,0
MI,Marquette,3636,210,SD,SD,SD,SD,SD,SD,0,0,0,0
MI,Mason,1778,346,SD,SD,0,0.00%,SD,0,0,0,0,0
MI,Mecosta,2613,366,SD,SD,0,0.00%,SD,0,0,0,0,0
MI,Menominee,1214,104,0,0.00%,0,0.00%,0,0,0,0,0,0
MI,Midland,5445,430,SD,SD,SD,SD,SD,SD,0,0,0,0
MI,Missaukee,1062,35,SD,SD,0,0.00%,SD,0,0,0,0,0
MI,Monroe,9449,1006,7,0.70%,SD,SD,SD,SD,0,0,0,0
MI,Montcalm,4278,408,6,1.50%,SD,SD,SD,SD,0,0,0,0
MI,Montmorency,444,42,0,0.00%,0,0.00%,0,0,0,0,0,0
MI,Muskegon,12611,1979,30,1.50%,9,0.50%,21,7,SD,0,0,0
MI,Newaygo,3376,324,0,0.00%,0,0.00%,0,0,0,0,0,0
MI,Oakland,80440,12413,56,0.50%,18,0.10%,38,10,SD,SD,SD,0
MI,Oceana,1701,288,SD,SD,0,0.00%,SD,0,0,0,0,0
MI,Ogemaw,1142,94,0,0.00%,0,0.00%,0,0,0,0,0,0
MI,Ontonagon,185,36,0,0.00%,0,0.00%,0,0,0,0,0,0
MI,Osceola,1587,168,SD,SD,0,0.00%,SD,0,0,0,0,0
MI,Oscoda,562,13,0,0.00%,0,0.00%,0,0,0,0,0,0
MI,Otsego,1551,263,SD,SD,SD,SD,0,0,SD,0,0,0
MI,Ottawa,21082,2485,15,0.60%,SD,SD,13,SD,0,0,SD,0
MI,Presque Isle,574,54,0,0.00%,0,0.00%,0,0,0,0,0,0
MI,Roscommon,1020,33,0,0.00%,0,0.00%,0,0,0,0,0,0
MI,Saginaw,13085,1794,20,1.10%,9,0.50%,11,SD,SD,0,SD,0
MI,St. Clair,9692,425,6,1.40%,SD,SD,SD,SD,0,SD,0,0
MI,St. Joseph,4699,275,16,5.80%,SD,SD,11,SD,SD,0,0,0
MI,Sanilac,2477,287,SD,SD,0,0.00%,SD,0,0,0,0,0
MI,Schoolcraft,429,43,0,0.00%,0,0.00%,0,0,0,0,0,0
MI,Shiawassee,4326,619,SD,SD,SD,SD,SD,SD,SD,0,0,0
MI,Tuscola,3275,340,SD,SD,0,0.00%,SD,0,0,0,0,0
MI,Van Buren,5397,624,9,1.40%,SD,SD,8,0,SD,0,0,0
MI,Washtenaw,21255,2166,9,0.40%,SD,SD,SD,SD,SD,0,SD,0
MI,Wayne,136432,23089,539,2.30%,155,0.70%,384,97,26,12,17,SD
MI,Wexford,2445,158,SD,SD,SD,SD,0,SD,0,0,0,0
MI,Unknown,0,3585,117,3.30%,34,0.90%,83,24,SD,SD,SD,SD
MS,Adams,2046,263,SD,SD,SD,SD,0,SD,0,0,0,0
MS,Alcorn,2605,315,SD,SD,SD,SD,0,SD,SD,0,SD,0
MS,Amite,741,40,0,0.00%,0,0.00%,0,0,0,0,0,0
MS,Attala,1382,26,0,0.00%,0,0.00%,0,0,0,0,0,0
MS,Benton,591,86,SD,SD,SD,SD,0,SD,0,0,0,0
MS,Bolivar,2418,153,SD,SD,SD,SD,SD,0,SD,0,0,0
MS,Calhoun,974,123,SD,SD,SD,SD,SD,SD,SD,0,0,0
MS,Carroll,500,55,SD,SD,0,0.00%,SD,0,0,0,0,0
MS,Chickasaw,1437,118,0,0.00%,0,0.00%,0,0,0,0,0,0
MS,Choctaw,516,28,0,0.00%,0,0.00%,0,0,0,0,0,0
MS,Claiborne,644,60,0,0.00%,0,0.00%,0,0,0,0,0,0
MS,Clarke,1117,79,SD,SD,SD,SD,0,SD,0,0,0,0
MS,Clay,1349,70,0,0.00%,0,0.00%,0,0,0,0,0,0
MS,Coahoma,1998,53,SD,SD,SD,SD,SD,0,SD,0,0,SD
MS,Copiah,1970,248,SD,SD,0,0.00%,SD,0,0,0,0,0
MS,Covington,1435,158,SD,SD,SD,SD,0,0,SD,0,0,0
MS,DeSoto,13567,1024,0,0.00%,0,0.00%,0,0,0,0,0,0
MS,Forrest,5976,539,SD,SD,SD,SD,SD,0,0,SD,SD,0
MS,Franklin,532,48,SD,SD,0,0.00%,SD,0,0,0,0,0
MS,George,2180,265,SD,SD,0,0.00%,SD,0,0,0,0,0
MS,Greene,836,138,0,0.00%,0,0.00%,0,0,0,0,0,0
MS,Grenada,1538,152,SD,SD,SD,SD,0,0,0,SD,0,SD
MS,Hancock,2892,58,0,0.00%,0,0.00%,0,0,0,0,0,0
MS,Harrison,15895,656,0,0.00%,0,0.00%,0,0,0,0,0,0
MS,Hinds,17213,1578,6,0.40%,SD,SD,SD,SD,0,SD,0,0
MS,Holmes,1268,104,SD,SD,0,0.00%,SD,0,0,0,0,0
MS,Humphreys,544,51,0,0.00%,0,0.00%,0,0,0,0,0,0
MS,Issaquena,37,SD,0,0.00%,0,0.00%,0,0,0,0,0,0
MS,Itawamba,1571,146,0,0.00%,0,0.00%,0,0,0,0,0,0
MS,Jackson,9911,412,0,0.00%,0,0.00%,0,0,0,0,0,0
MS,Jasper,1180,30,SD,SD,0,0.00%,SD,0,0,0,0,0
MS,Jefferson,521,60,0,0.00%,0,0.00%,0,0,0,0,0,0
MS,Jefferson Davis,688,76,0,0.00%,0,0.00%,0,0,0,0,0,0
MS,Jones,5504,192,SD,SD,SD,SD,SD,SD,0,0,0,0
MS,Kemper,545,60,SD,SD,0,0.00%,SD,0,0,0,0,0
MS,Lafayette,3262,315,SD,SD,0,0.00%,SD,0,0,0,0,0
MS,Lamar,4895,328,SD,SD,0,0.00%,SD,0,0,0,0,0
MS,Lauderdale,5490,358,7,2.00%,0,0.00%,7,0,0,0,0,0
MS,Lawrence,906,115,SD,SD,SD,SD,SD,0,0,SD,0,0
MS,Leake,1748,46,SD,SD,0,0.00%,SD,0,0,0,0,0
MS,Lee,6857,702,SD,SD,SD,SD,SD,SD,SD,0,0,0
MS,Leflore,2523,257,6,2.30%,SD,SD,SD,SD,SD,0,0,0
MS,Lincoln,2385,219,SD,SD,0,0.00%,SD,0,0,0,0,0
MS,Lowndes,4684,406,SD,SD,SD,SD,SD,SD,SD,0,0,0
MS,Madison,8101,301,SD,SD,SD,SD,0,SD,0,0,0,0
MS,Marion,1714,124,SD,SD,SD,SD,SD,SD,0,SD,0,0
MS,Marshall,2359,305,SD,SD,SD,SD,0,0,0,0,SD,0
MS,Monroe,2354,107,0,0.00%,0,0.00%,0,0,0,0,0,0
MS,Montgomery,704,58,SD,SD,0,0.00%,SD,0,0,0,0,0
MS,Neshoba,2580,225,9,4.00%,SD,SD,7,SD,0,0,0,0
MS,Newton,1616,53,SD,SD,0,0.00%,SD,0,0,0,0,0
MS,Noxubee,879,102,0,0.00%,0,0.00%,0,0,0,0,0,0
MS,Oktibbeha,2997,242,SD,SD,0,0.00%,SD,0,0,0,0,0
MS,Panola,2790,265,SD,SD,SD,SD,SD,SD,0,0,0,SD
MS,Pearl River,3876,171,SD,SD,0,0.00%,SD,0,0,0,0,0
MS,Perry,819,88,0,0.00%,0,0.00%,0,0,0,0,0,0
MS,Pike,3138,247,6,2.40%,SD,SD,SD,0,0,SD,0,0
MS,Pontotoc,2754,320,0,0.00%,0,0.00%,0,0,0,0,0,0
MS,Prentiss,1802,198,SD,SD,0,0.00%,SD,0,0,0,0,0
MS,Quitman,488,37,SD,SD,SD,SD,0,0,0,SD,0,0
MS,Rankin,10450,389,SD,SD,0,0.00%,SD,0,0,0,0,0
MS,Scott,2721,67,SD,SD,0,0.00%,SD,0,0,0,0,0
MS,Sharkey,303,17,0,0.00%,0,0.00%,0,0,0,0,0,0
MS,Simpson,1845,123,SD,SD,0,0.00%,SD,0,0,0,0,0
MS,Smith,1148,68,0,0.00%,0,0.00%,0,0,0,0,0,0
MS,Stone,1280,77,0,0.00%,0,0.00%,0,0,0,0,0,0
MS,Sunflower,1658,135,SD,SD,SD,SD,0,SD,0,SD,0,0
MS,Tallahatchie,932,60,SD,SD,SD,SD,SD,SD,SD,SD,0,0
MS,Tate,2074,252,SD,SD,SD,SD,SD,SD,0,0,0,0
MS,Tippah,1581,221,0,0.00%,0,0.00%,0,0,0,0,0,0
MS,Tishomingo,1260,127,0,0.00%,0,0.00%,0,0,0,0,0,0
MS,Tunica,924,79,0,0.00%,0,0.00%,0,0,0,0,0,0
MS,Union,2263,247,0,0.00%,0,0.00%,0,0,0,0,0,0
MS,Walthall,1006,49,SD,SD,SD,SD,0,0,0,SD,0,0
MS,Warren,3523,263,SD,SD,SD,SD,SD,0,0,SD,0,0
MS,Washington,3462,173,SD,SD,0,0.00%,SD,0,0,0,0,0
MS,Wayne,1627,87,SD,SD,SD,SD,0,0,0,0,SD,0
MS,Webster,712,36,SD,SD,0,0.00%,SD,0,0,0,0,0
MS,Wilkinson,545,65,0,0.00%,0,0.00%,0,0,0,0,0,0
MS,Winston,1157,123,SD,SD,SD,SD,0,0,SD,0,0,0
MS,Yalobusha,870,106,SD,SD,SD,SD,SD,SD,0,0,0,0
MS,Yazoo,1836,284,6,2.10%,SD,SD,SD,SD,0,0,0,0
MS,Unknown,0,1909,12,0.60%,SD,SD,10,0,SD,SD,0,0
MO,Adair,1585,235,SD,SD,0,0.00%,SD,0,0,0,0,0
MO,Andrew,1206,208,SD,SD,0,0.00%,SD,0,0,0,0,0
MO,Atchison,300,32,SD,SD,SD,SD,SD,SD,0,SD,0,0
MO,Audrain,1848,293,SD,SD,SD,SD,0,SD,SD,0,SD,0
MO,Barry,2560,334,SD,SD,SD,SD,SD,SD,0,0,0,0
MO,Barton,814,101,SD,SD,SD,SD,0,0,SD,0,0,0
MO,Bates,1152,90,SD,SD,SD,SD,SD,0,0,SD,0,0
MO,Benton,1069,112,SD,SD,SD,SD,0,0,SD,0,0,0
MO,Bollinger,793,139,SD,SD,SD,SD,SD,SD,0,0,0,0
MO,Boone,12520,1809,SD,SD,SD,SD,SD,0,0,SD,0,0
MO,Buchanan,6416,1073,59,5.50%,19,1.80%,40,8,6,SD,SD,SD
MO,Butler,3154,432,SD,SD,0,0.00%,SD,0,0,0,0,0
MO,Caldwell,640,96,SD,SD,SD,SD,0,SD,0,0,0,0
MO,Callaway,2995,396,SD,SD,SD,SD,SD,SD,0,0,0,0
MO,Camden,2395,196,SD,SD,SD,SD,SD,SD,0,0,0,0
MO,Cape Girardeau,5566,453,SD,SD,0,0.00%,SD,0,0,0,0,0
MO,Carroll,520,118,SD,SD,0,0.00%,SD,0,0,0,0,0
MO,Carter,428,52,SD,SD,SD,SD,0,0,SD,0,0,0
MO,Cass,7540,633,SD,SD,0,0.00%,SD,0,0,0,0,0
MO,Cedar,1164,83,SD,SD,0,0.00%,SD,0,0,0,0,0
MO,Chariton,530,103,0,0.00%,0,0.00%,0,0,0,0,0,0
MO,Christian,6872,902,SD,SD,SD,SD,SD,0,SD,0,0,0
MO,Clark,467,53,0,0.00%,0,0.00%,0,0,0,0,0,0
MO,Clay,19162,1710,13,0.80%,SD,SD,12,0,SD,0,0,0
MO,Clinton,1441,167,SD,SD,SD,SD,SD,SD,0,0,0,0
MO,Cole,5385,649,8,1.20%,SD,SD,6,SD,0,0,0,0
MO,Cooper,1204,210,SD,SD,SD,SD,SD,SD,0,0,0,0
MO,Crawford,1622,215,7,3.30%,SD,SD,SD,SD,SD,0,0,0
MO,Dade,458,55,SD,SD,0,0.00%,SD,0,0,0,0,0
MO,Dallas,1366,151,0,0.00%,0,0.00%,0,0,0,0,0,0
MO,Daviess,710,102,SD,SD,SD,SD,0,SD,0,0,0,0
MO,DeKalb,643,100,SD,SD,SD,SD,SD,SD,SD,0,0,0
MO,Dent,1096,190,11,5.80%,SD,SD,7,SD,SD,0,0,0
MO,Douglas,910,76,SD,SD,SD,SD,SD,0,0,SD,0,0
MO,Dunklin,2406,314,SD,SD,0,0.00%,SD,0,0,0,0,0
MO,Franklin,7416,591,7,1.20%,0,0.00%,7,0,0,0,0,0
MO,Gasconade,940,129,SD,SD,SD,SD,SD,0,SD,0,0,0
MO,Gentry,573,87,0,0.00%,0,0.00%,0,0,0,0,0,0
MO,Greene,20499,2406,33,1.40%,7,0.30%,26,6,SD,0,0,0
MO,Grundy,801,77,SD,SD,0,0.00%,SD,0,0,0,0,0
MO,Harrison,591,77,SD,SD,SD,SD,0,SD,0,0,0,0
MO,Henry,1594,169,SD,SD,SD,SD,SD,SD,SD,0,0,0
MO,Hickory,482,52,0,0.00%,0,0.00%,0,0,0,0,0,0
MO,Holt,267,57,SD,SD,0,0.00%,SD,0,0,0,0,0
MO,Howard,662,155,SD,SD,SD,SD,SD,SD,0,0,0,0
MO,Howell,3083,257,SD,SD,0,0.00%,SD,0,0,0,0,0
MO,Iron,642,133,16,12.00%,6,4.50%,10,SD,SD,SD,0,0
MO,Jackson,54211,6490,128,2.00%,36,0.60%,92,17,9,6,SD,0
MO,Jasper,9520,1479,20,1.40%,SD,SD,17,SD,SD,SD,0,0
MO,Jefferson,15795,1186,6,0.50%,0,0.00%,6,0,0,0,0,0
MO,Johnson,4068,179,SD,SD,SD,SD,SD,SD,0,0,0,0
MO,Knox,327,34,SD,SD,0,0.00%,SD,0,0,0,0,0
MO,Laclede,3004,462,SD,SD,SD,SD,SD,SD,0,0,0,0
MO,Lafayette,2428,362,SD,SD,0,0.00%,SD,0,0,0,0,0
MO,Lawrence,3140,479,SD,SD,SD,SD,SD,0,0,0,SD,0
MO,Lewis,704,51,SD,SD,SD,SD,SD,SD,0,0,0,0
MO,Lincoln,5098,490,SD,SD,0,0.00%,SD,0,0,0,0,0
MO,Linn,831,158,SD,SD,SD,SD,SD,SD,SD,0,0,0
MO,Livingston,1018,170,SD,SD,SD,SD,0,SD,SD,0,0,0
MO,McDonald,1986,177,0,0.00%,0,0.00%,0,0,0,0,0,0
MO,Macon,1059,165,SD,SD,SD,SD,SD,SD,0,0,0,0
MO,Madison,829,113,SD,SD,0,0.00%,SD,0,0,0,0,0
MO,Maries,503,81,SD,SD,0,0.00%,SD,0,0,0,0,0
MO,Marion,2147,290,17,5.90%,6,2.10%,11,SD,SD,SD,SD,0
MO,Mercer,279,26,SD,SD,0,0.00%,SD,0,0,0,0,0
MO,Miller,1962,218,0,0.00%,0,0.00%,0,0,0,0,0,0
MO,Mississippi,851,211,SD,SD,SD,SD,0,SD,0,0,0,0
MO,Moniteau,1230,159,SD,SD,0,0.00%,SD,0,0,0,0,0
MO,Monroe,587,78,SD,SD,0,0.00%,SD,0,0,0,0,0
MO,Montgomery,773,189,SD,SD,SD,SD,SD,SD,0,SD,0,0
MO,Morgan,1593,145,SD,SD,SD,SD,0,SD,0,0,0,0
MO,New Madrid,1266,259,SD,SD,0,0.00%,SD,0,0,0,0,0
MO,Newton,4355,584,SD,SD,SD,SD,SD,0,0,SD,0,0
MO,Nodaway,1162,179,6,3.40%,SD,SD,SD,SD,0,0,0,0
MO,Oregon,718,94,SD,SD,SD,SD,SD,0,SD,0,0,0
MO,Osage,910,101,0,0.00%,0,0.00%,0,0,0,0,0,0
MO,Ozark,474,26,0,0.00%,0,0.00%,0,0,0,0,0,0
MO,Pemiscot,1416,134,SD,SD,0,0.00%,SD,0,0,0,0,0
MO,Perry,1321,80,0,0.00%,0,0.00%,0,0,0,0,0,0
MO,Pettis,3518,575,11,1.90%,SD,SD,8,SD,0,0,0,0
MO,Phelps,2920,499,SD,SD,0,0.00%,SD,0,0,0,0,0
MO,Pike,1259,143,SD,SD,0,0.00%,SD,0,0,0,0,0
MO,Platte,7755,571,18,3.20%,SD,SD,14,SD,SD,SD,0,0
MO,Polk,2445,230,SD,SD,SD,SD,0,SD,0,0,0,0
MO,Pulaski,4258,386,SD,SD,SD,SD,SD,0,0,SD,0,0
MO,Putnam,365,65,0,0.00%,0,0.00%,0,0,0,0,0,0
MO,Ralls,613,77,SD,SD,SD,SD,0,0,SD,0,0,0
MO,Randolph,1709,244,SD,SD,SD,SD,SD,0,0,SD,0,0
MO,Ray,1592,125,SD,SD,SD,SD,SD,SD,0,0,0,0
MO,Reynolds,354,42,SD,SD,SD,SD,SD,SD,0,0,0,0
MO,Ripley,965,127,SD,SD,0,0.00%,SD,0,0,0,0,0
MO,St. Charles,28015,1627,SD,SD,SD,SD,SD,SD,0,0,0,0
MO,St. Clair,659,32,SD,SD,0,0.00%,SD,0,0,0,0,0
MO,St. Francois,4344,553,21,3.80%,SD,SD,18,SD,SD,SD,0,0
MO,St. Louis,70368,10785,118,1.10%,28,0.30%,90,12,10,SD,SD,0
MO,Saline,1555,205,6,2.90%,SD,SD,SD,SD,0,0,0,0
MO,Schuyler,425,39,0,0.00%,0,0.00%,0,0,0,0,0,0
MO,Scotland,456,21,SD,SD,0,0.00%,SD,0,0,0,0,0
MO,Scott,2957,539,6,1.10%,SD,SD,SD,SD,SD,0,0,0
MO,Shannon,541,41,SD,SD,0,0.00%,SD,0,0,0,0,0
MO,Shelby,456,82,SD,SD,SD,SD,SD,SD,0,0,0,0
MO,Stoddard,1970,341,SD,SD,SD,SD,SD,SD,0,0,0,0
MO,Stone,1595,182,0,0.00%,0,0.00%,0,0,0,0,0,0
MO,Sullivan,500,148,SD,SD,0,0.00%,SD,0,0,0,0,0
MO,Taney,3762,332,SD,SD,0,0.00%,SD,0,0,0,0,0
MO,Texas,1679,177,SD,SD,SD,SD,0,SD,0,0,0,0
MO,Vernon,1504,154,SD,SD,0,0.00%,SD,0,0,0,0,0
MO,Warren,2779,280,SD,SD,SD,SD,SD,SD,0,0,0,0
MO,Washington,1708,170,11,6.50%,SD,SD,6,SD,0,0,0,0
MO,Wayne,747,76,0,0.00%,0,0.00%,0,0,0,0,0,0
MO,Webster,3623,385,SD,SD,0,0.00%,SD,0,0,0,0,0
MO,Worth,122,32,0,0.00%,0,0.00%,0,0,0,0,0,0
MO,Wright,1574,286,SD,SD,0,0.00%,SD,0,0,0,0,0
MO,St. Louis (city),21084,6340,293,4.60%,88,1.40%,205,48,19,6,12,SD
MO,Unknown,0,124,SD,SD,0,0.00%,SD,0,0,0,0,0
NV,Churchill,1989,133,0,0.00%,0,0.00%,0,0,0,0,0,0
NV,Clark,168607,3097,10,0.30%,SD,SD,6,SD,SD,0,SD,0
NV,Douglas,2030,58,0,0.00%,0,0.00%,0,0,0,0,0,0
NV,Elko,4525,94,SD,SD,SD,SD,0,SD,0,0,0,0
NV,Esmeralda,32,0,0,0.00%,0,0.00%,0,0,0,0,0,0
NV,Eureka,107,SD,0,0.00%,0,0.00%,0,0,0,0,0,0
NV,Humboldt,1473,SD,0,0.00%,0,0.00%,0,0,0,0,0,0
NV,Lander,476,SD,0,0.00%,0,0.00%,0,0,0,0,0,0
NV,Lincoln,310,SD,0,0.00%,0,0.00%,0,0,0,0,0,0
NV,Lyon,3798,122,0,0.00%,0,0.00%,0,0,0,0,0,0
NV,Mineral,292,9,0,0.00%,0,0.00%,0,0,0,0,0,0
NV,Nye,2522,12,0,0.00%,0,0.00%,0,0,0,0,0,0
NV,Pershing,363,6,0,0.00%,0,0.00%,0,0,0,0,0,0
NV,Storey,125,0,0,0.00%,0,0.00%,0,0,0,0,0,0
NV,Washoe,32861,359,SD,SD,SD,SD,SD,SD,0,0,0,0
NV,White Pine,600,15,0,0.00%,0,0.00%,0,0,0,0,0,0
NV,Carson City (city),3785,190,SD,SD,SD,SD,0,SD,0,0,0,0
NV,Unknown,0,SD,0,0.00%,0,0.00%,0,0,0,0,0,0
NH,Belknap,3146,395,8,2.00%,0,0.00%,8,0,0,0,0,0
NH,Carroll,2131,203,SD,SD,0,0.00%,SD,0,0,0,0,0
NH,Cheshire,4161,492,9,1.80%,SD,SD,8,0,0,0,SD,0
NH,Coos,1529,169,SD,SD,SD,SD,SD,SD,SD,SD,0,0
NH,Grafton,4265,495,7,1.40%,SD,SD,SD,SD,SD,0,0,0
NH,Hillsborough,26101,4185,113,2.70%,21,0.50%,92,14,SD,SD,SD,0
NH,Merrimack,8514,1061,16,1.50%,SD,SD,11,SD,0,SD,0,0
NH,Rockingham,17242,2172,11,0.50%,SD,SD,9,SD,0,0,0,0
NH,Strafford,7065,720,20,2.80%,SD,SD,16,SD,SD,SD,0,0
NH,Sullivan,2375,335,9,2.70%,SD,SD,7,SD,0,0,SD,0
NH,Unknown,0,6094,109,1.80%,39,0.60%,70,19,7,SD,6,SD
NJ,Atlantic,16873,1173,24,2.00%,10,0.90%,14,8,SD,SD,0,0
NJ,Bergen,58763,3508,51,1.50%,11,0.30%,40,8,SD,0,0,0
NJ,Burlington,27540,1264,12,0.90%,SD,SD,9,SD,0,SD,SD,0
NJ,Camden,37087,1515,25,1.70%,SD,SD,20,SD,0,SD,0,0
NJ,Cape May,4971,228,SD,SD,SD,SD,SD,SD,0,0,SD,0
NJ,Cumberland,11243,784,42,5.40%,12,1.50%,30,7,SD,SD,0,0
NJ,Essex,63279,6887,314,4.60%,70,1.00%,244,43,11,9,7,0
NJ,Gloucester,18194,607,9,1.50%,SD,SD,6,0,0,SD,SD,0
NJ,Hudson,54059,4270,100,2.30%,27,0.60%,73,15,6,SD,SD,0
NJ,Hunterdon,6446,572,7,1.20%,0,0.00%,7,0,0,0,0,0
NJ,Mercer,24774,1687,85,5.00%,14,0.80%,71,10,SD,0,SD,0
NJ,Middlesex,56185,4431,85,1.90%,22,0.50%,63,13,7,SD,SD,0
NJ,Monmouth,37236,1731,27,1.60%,10,0.60%,17,6,SD,SD,SD,0
NJ,Morris,29536,1877,31,1.70%,12,0.60%,19,7,SD,SD,SD,0
NJ,Ocean,53190,2930,17,0.60%,SD,SD,14,SD,SD,0,0,0
NJ,Passaic,39734,3783,135,3.60%,27,0.70%,108,15,SD,SD,SD,SD
NJ,Salem,4050,206,14,6.80%,SD,SD,9,SD,SD,0,0,0
NJ,Somerset,20321,1219,15,1.20%,SD,SD,10,SD,SD,0,0,0
NJ,Sussex,7752,362,SD,SD,0,0.00%,SD,0,0,0,0,0
NJ,Union,42278,3575,116,3.20%,32,0.90%,84,16,SD,SD,8,0
NJ,Warren,5990,303,7,2.30%,SD,SD,6,0,SD,0,0,0
NJ,Unknown,0,205,6,2.90%,SD,SD,SD,SD,SD,SD,0,0
NY,Albany,17940,3779,168,4.40%,58,1.50%,110,32,11,8,SD,SD
NY,Allegany,2921,678,32,4.70%,7,1.00%,25,SD,SD,0,SD,SD
NY,Bronx,117441,46565,413,0.90%,0,0.00%,413,0,0,0,0,0
NY,Broome,11605,2087,55,2.60%,13,0.60%,42,6,SD,SD,SD,SD
NY,Cattaraugus,5196,1190,85,7.10%,26,2.20%,59,21,SD,0,SD,0
NY,Cayuga,4467,1012,50,4.90%,20,2.00%,30,14,SD,SD,SD,0
NY,Chautauqua,8153,1733,124,7.20%,45,2.60%,79,26,9,8,SD,SD
NY,Chemung,5429,970,29,3.00%,16,1.60%,13,9,SD,SD,SD,SD
NY,Chenango,2938,685,40,5.80%,10,1.50%,30,7,SD,0,SD,0
NY,Clinton,4563,880,10,1.10%,SD,SD,SD,SD,SD,0,SD,0
NY,Columbia,2909,651,30,4.60%,8,1.20%,22,SD,SD,SD,SD,0
NY,Cortland,2852,460,25,5.40%,SD,SD,21,SD,0,0,0,0
NY,Delaware,2141,619,41,6.60%,15,2.40%,26,9,SD,SD,SD,0
NY,Dutchess,16198,4390,76,1.70%,22,0.50%,54,11,6,0,SD,0
NY,Erie,60103,16006,809,5.10%,299,1.90%,510,156,64,36,37,6
NY,Essex,1751,297,SD,SD,0,0.00%,SD,0,0,0,0,0
NY,Franklin,2890,491,8,1.60%,SD,SD,6,SD,0,0,0,0
NY,Fulton,3171,798,81,10.20%,21,2.60%,60,9,7,SD,SD,0
NY,Genesee,3591,689,16,2.30%,SD,SD,13,0,SD,SD,0,0
NY,Greene,2449,569,18,3.20%,6,1.10%,12,SD,SD,0,0,0
NY,Hamilton,154,38,SD,SD,0,0.00%,SD,0,0,0,0,0
NY,Herkimer,3720,845,70,8.30%,18,2.10%,52,12,SD,SD,SD,0
NY,Jefferson,9642,2151,57,2.60%,8,0.40%,49,SD,SD,SD,0,0
NY,Kings,212755,81877,811,1.00%,0,0.00%,811,0,0,0,0,0
NY,Lewis,1956,415,24,5.80%,6,1.40%,18,6,0,0,0,0
NY,Livingston,3177,732,23,3.10%,SD,SD,18,SD,SD,0,0,0
NY,Madison,4095,778,26,3.30%,7,0.90%,19,SD,SD,SD,SD,0
NY,Monroe,48316,10733,257,2.40%,88,0.80%,169,41,19,10,17,SD
NY,Montgomery,3731,806,70,8.70%,20,2.50%,50,10,SD,SD,SD,0
NY,Nassau,89077,29431,146,0.50%,36,0.10%,110,24,6,SD,SD,0
NY,New York,87726,27025,128,0.50%,0,0.00%,128,0,0,0,0,0
NY,Niagara,13073,3070,75,2.40%,32,1.00%,43,14,11,6,0,SD
NY,Oneida,15211,3509,294,8.40%,85,2.40%,209,42,17,8,14,SD
NY,Onondaga,31453,7989,368,4.60%,100,1.30%,268,65,16,10,6,SD
NY,Ontario,6446,1370,31,2.30%,15,1.10%,16,8,SD,SD,SD,0
NY,Orange,31335,6055,103,1.70%,37,0.60%,66,23,SD,7,SD,0
NY,Orleans,2333,461,25,5.40%,10,2.20%,15,7,SD,SD,0,SD
NY,Oswego,7582,1702,32,1.90%,9,0.50%,23,SD,SD,SD,SD,0
NY,Otsego,2923,754,35,4.60%,7,0.90%,28,SD,SD,SD,0,0
NY,Putnam,5459,1470,11,0.70%,SD,SD,7,SD,SD,SD,0,0
NY,Queens,158990,69825,607,0.90%,0,0.00%,607,0,0,0,0,0
NY,Rensselaer,9606,1844,92,5.00%,22,1.20%,70,11,7,SD,SD,SD
NY,Richmond,32549,12563,83,0.70%,0,0.00%,83,0,0,0,0,0
NY,Rockland,32812,8503,60,0.70%,20,0.20%,40,13,SD,SD,SD,SD
NY,St. Lawrence,6541,1201,58,4.80%,11,0.90%,47,8,SD,SD,SD,0
NY,Saratoga,13499,3125,30,1.00%,10,0.30%,20,9,0,0,SD,0
NY,Schenectady,11128,2222,76,3.40%,24,1.10%,52,11,8,SD,SD,0
NY,Schoharie,1628,347,16,4.60%,8,2.30%,8,SD,SD,SD,0,0
NY,Schuyler,1058,201,8,4.00%,SD,SD,SD,SD,SD,0,0,0
NY,Seneca,2183,329,8,2.40%,SD,SD,6,0,SD,SD,0,0
NY,Steuben,6329,1478,24,1.60%,SD,SD,19,SD,0,0,SD,0
NY,Suffolk,95114,24378,95,0.40%,24,0.10%,71,16,SD,SD,SD,SD
NY,Sullivan,5455,1107,18,1.60%,SD,SD,14,SD,SD,SD,0,0
NY,Tioga,2821,596,13,2.20%,SD,SD,12,SD,0,0,0,0
NY,Tompkins,4510,937,15,1.60%,6,0.60%,9,SD,0,0,SD,0
NY,Ulster,9371,2272,67,2.90%,21,0.90%,46,15,SD,0,SD,0
NY,Warren,3369,814,21,2.60%,9,1.10%,12,8,SD,0,0,0
NY,Washington,3391,713,53,7.40%,12,1.70%,41,SD,SD,SD,SD,0
NY,Wayne,5933,1256,27,2.10%,14,1.10%,13,10,SD,SD,0,0
NY,Westchester,63697,19920,269,1.40%,74,0.40%,195,42,13,12,6,SD
NY,Wyoming,2215,501,24,4.80%,7,1.40%,17,SD,SD,0,SD,0
NY,Yates,1882,274,17,6.20%,7,2.60%,10,SD,SD,SD,SD,0
NY,Unknown,0,521,7,1.30%,SD,SD,SD,SD,0,SD,0,0
NC,Alamance,11952,2078,13,0.60%,SD,SD,8,SD,SD,0,0,SD
NC,Alexander,2233,472,0,0.00%,0,0.00%,0,0,0,0,0,0
NC,Alleghany,595,108,SD,SD,SD,SD,0,0,SD,0,0,0
NC,Anson,1558,240,0,0.00%,0,0.00%,0,0,0,0,0,0
NC,Ashe,1272,283,0,0.00%,0,0.00%,0,0,0,0,0,0
NC,Avery,832,150,SD,SD,0,0.00%,SD,0,0,0,0,0
NC,Beaufort,2695,650,SD,SD,0,0.00%,SD,0,0,0,0,0
NC,Bertie,979,240,SD,SD,SD,SD,SD,SD,SD,SD,0,0
NC,Bladen,2011,420,SD,SD,0,0.00%,SD,0,0,0,0,0
NC,Brunswick,6620,1110,SD,SD,0,0.00%,SD,0,0,0,0,0
NC,Buncombe,15118,2645,9,0.30%,SD,SD,SD,SD,SD,SD,SD,0
NC,Burke,5190,1027,SD,SD,0,0.00%,SD,0,0,0,0,0
NC,Cabarrus,16820,2442,13,0.50%,SD,SD,9,SD,SD,0,0,0
NC,Caldwell,5090,1107,SD,SD,0,0.00%,SD,0,0,0,0,0
NC,Camden,675,119,SD,SD,SD,SD,0,0,SD,0,0,0
NC,Carteret,3269,446,SD,SD,SD,SD,0,SD,0,0,0,0
NC,Caswell,1340,228,SD,SD,0,0.00%,SD,0,0,0,0,0
NC,Catawba,10729,2116,SD,SD,0,0.00%,SD,0,0,0,0,0
NC,Chatham,4252,643,SD,SD,SD,SD,SD,SD,0,SD,0,0
NC,Cherokee,1420,110,0,0.00%,0,0.00%,0,0,0,0,0,0
NC,Chowan,816,115,SD,SD,0,0.00%,SD,0,0,0,0,0
NC,Clay,586,61,0,0.00%,0,0.00%,0,0,0,0,0,0
NC,Cleveland,6919,863,SD,SD,SD,SD,SD,SD,SD,0,SD,0
NC,Columbus,3449,653,SD,SD,0,0.00%,SD,0,0,0,0,0
NC,Craven,7484,1925,SD,SD,SD,SD,SD,SD,0,0,0,0
NC,Cumberland,29994,4667,14,0.30%,SD,SD,13,0,0,SD,0,0
NC,Currituck,1931,196,0,0.00%,0,0.00%,0,0,0,0,0,0
NC,Dare,1951,327,0,0.00%,0,0.00%,0,0,0,0,0,0
NC,Davidson,11095,2523,13,0.50%,SD,SD,10,SD,0,0,0,0
NC,Davie,2597,528,SD,SD,SD,SD,SD,0,0,0,SD,0
NC,Duplin,4334,801,SD,SD,SD,SD,SD,0,SD,0,0,0
NC,Durham,23904,4238,12,0.30%,0,0.00%,12,0,0,0,0,0
NC,Edgecombe,3508,810,8,1.00%,SD,SD,SD,0,SD,SD,SD,0
NC,Forsyth,26873,5744,31,0.50%,15,0.30%,16,11,SD,0,SD,0
NC,Franklin,4798,951,8,0.80%,SD,SD,SD,SD,SD,0,0,0
NC,Gaston,15964,2173,7,0.30%,0,0.00%,7,0,0,0,0,0
NC,Gates,634,94,0,0.00%,0,0.00%,0,0,0,0,0,0
NC,Graham,506,76,0,0.00%,0,0.00%,0,0,0,0,0,0
NC,Granville,3744,597,SD,SD,SD,SD,SD,SD,0,0,0,0
NC,Greene,1300,326,0,0.00%,0,0.00%,0,0,0,0,0,0
NC,Guilford,37566,8048,18,0.20%,6,0.10%,12,SD,SD,SD,0,0
NC,Halifax,3278,719,6,0.80%,6,0.80%,0,SD,SD,0,0,SD
NC,Harnett,11779,2007,12,0.60%,SD,SD,9,SD,SD,0,0,0
NC,Haywood,3554,545,SD,SD,SD,SD,0,SD,0,0,SD,0
NC,Henderson,6759,1096,SD,SD,SD,SD,0,0,0,0,SD,0
NC,Hertford,1221,265,SD,SD,SD,SD,0,0,0,0,SD,0
NC,Hoke,5383,909,SD,SD,SD,SD,SD,SD,0,0,0,0
NC,Hyde,204,31,0,0.00%,0,0.00%,0,0,0,0,0,0
NC,Iredell,12247,1992,9,0.50%,SD,SD,6,0,SD,SD,SD,0
NC,Jackson,2319,288,SD,SD,0,0.00%,SD,0,0,0,0,0
NC,Johnston,16263,2884,11,0.40%,SD,SD,9,0,SD,0,0,0
NC,Jones,534,132,0,0.00%,0,0.00%,0,0,0,0,0,0
NC,Lee,4748,1103,7,0.60%,SD,SD,SD,SD,0,0,0,SD
NC,Lenoir,3764,988,SD,SD,0,0.00%,SD,0,0,0,0,0
NC,Lincoln,5427,747,SD,SD,0,0.00%,SD,0,0,0,0,0
NC,McDowell,2695,452,SD,SD,SD,SD,SD,SD,0,0,0,0
NC,Macon,2033,234,0,0.00%,0,0.00%,0,0,0,0,0,0
NC,Madison,1191,173,0,0.00%,0,0.00%,0,0,0,0,0,0
NC,Martin,1456,341,SD,SD,SD,SD,0,0,SD,0,0,0
NC,Mecklenburg,87931,10341,59,0.60%,18,0.20%,41,11,SD,SD,SD,SD
NC,Mitchell,844,107,SD,SD,0,0.00%,SD,0,0,0,0,0
NC,Montgomery,1736,391,SD,SD,SD,SD,SD,SD,0,0,0,0
NC,Moore,7359,1359,SD,SD,0,0.00%,SD,0,0,0,0,0
NC,Nash,6386,1700,9,0.50%,SD,SD,6,SD,SD,0,0,0
NC,New Hanover,13157,2321,10,0.40%,SD,SD,8,SD,SD,0,0,0
NC,Northampton,1092,215,SD,SD,0,0.00%,SD,0,0,0,0,0
NC,Onslow,19590,3230,12,0.40%,SD,SD,9,SD,0,0,0,0
NC,Orange,7666,1157,SD,SD,SD,SD,SD,0,0,0,SD,0
NC,Pamlico,550,136,0,0.00%,0,0.00%,0,0,0,0,0,0
NC,Pasquotank,2899,749,SD,SD,0,0.00%,SD,0,0,0,0,0
NC,Pender,4339,708,0,0.00%,0,0.00%,0,0,0,0,0,0
NC,Perquimans,747,161,SD,SD,SD,SD,SD,0,SD,0,SD,0
NC,Person,2518,418,SD,SD,0,0.00%,SD,0,0,0,0,0
NC,Pitt,12325,2549,8,0.30%,SD,SD,6,SD,0,0,0,0
NC,Polk,940,112,0,0.00%,0,0.00%,0,0,0,0,0,0
NC,Randolph,9730,2304,8,0.30%,SD,SD,7,0,0,0,SD,0
NC,Richmond,3271,545,6,1.10%,SD,SD,SD,SD,SD,0,0,0
NC,Robeson,10231,2750,9,0.30%,SD,SD,7,0,SD,SD,0,0
NC,Rockingham,5588,696,8,1.10%,SD,SD,6,0,SD,SD,0,0
NC,Rowan,9902,1771,8,0.50%,SD,SD,7,0,0,SD,0,0
NC,Rutherford,4092,414,SD,SD,SD,SD,SD,SD,0,SD,0,0
NC,Sampson,4970,1100,SD,SD,0,0.00%,SD,0,0,0,0,0
NC,Scotland,2757,402,SD,SD,SD,SD,0,SD,0,0,0,0
NC,Stanly,4319,886,SD,SD,SD,SD,SD,0,SD,0,0,0
NC,Stokes,2531,481,SD,SD,SD,SD,0,SD,0,0,0,0
NC,Surry,4625,676,6,0.90%,SD,SD,SD,SD,0,SD,0,0
NC,Swain,1026,181,SD,SD,SD,SD,SD,SD,0,0,0,0
NC,Transylvania,1607,320,0,0.00%,0,0.00%,0,0,0,0,0,0
NC,Tyrrell,220,46,SD,SD,0,0.00%,SD,0,0,0,0,0
NC,Union,16630,2165,SD,SD,0,0.00%,SD,0,0,0,0,0
NC,Vance,3369,490,SD,SD,SD,SD,SD,SD,0,0,0,0
NC,Wake,81340,12137,39,0.30%,12,0.10%,27,7,SD,0,SD,0
NC,Warren,1004,183,SD,SD,0,0.00%,SD,0,0,0,0,0
NC,Washington,721,137,SD,SD,0,0.00%,SD,0,0,0,0,0
NC,Watauga,2108,478,SD,SD,SD,SD,SD,SD,0,0,0,0
NC,Wayne,9749,2254,9,0.40%,SD,SD,SD,SD,0,0,SD,0
NC,Wilkes,4112,765,SD,SD,SD,SD,0,SD,0,SD,SD,0
NC,Wilson,5865,1413,15,1.10%,6,0.40%,9,SD,SD,0,0,0
NC,Yadkin,2392,468,SD,SD,SD,SD,SD,SD,0,0,0,0
NC,Yancey,1049,189,SD,SD,SD,SD,SD,SD,0,0,0,0
NC,Unknown,0,41,16,39.00%,8,19.50%,8,SD,SD,0,SD,0
OK,Adair,1921,208,0,0.00%,0,0.00%,0,0,0,0,0,0
OK,Alfalfa,331,16,SD,SD,0,0.00%,SD,0,0,0,0,0
OK,Atoka,998,113,0,0.00%,0,0.00%,0,0,0,0,0,0
OK,Beaver,361,18,0,0.00%,0,0.00%,0,0,0,0,0,0
OK,Beckham,1753,99,SD,SD,0,0.00%,SD,0,0,0,0,0
OK,Blaine,765,35,0,0.00%,0,0.00%,0,0,0,0,0,0
OK,Bryan,3806,470,6,1.30%,0,0.00%,6,0,0,0,0,0
OK,Caddo,2261,215,SD,SD,0,0.00%,SD,0,0,0,0,0
OK,Canadian,12328,1191,SD,SD,0,0.00%,SD,0,0,0,0,0
OK,Carter,4035,410,SD,SD,SD,SD,SD,SD,0,0,0,0
OK,Cherokee,3362,577,SD,SD,0,0.00%,SD,0,0,0,0,0
OK,Choctaw,1210,159,0,0.00%,0,0.00%,0,0,0,0,0,0
OK,Cimarron,172,10,0,0.00%,0,0.00%,0,0,0,0,0,0
OK,Cleveland,17885,1859,SD,SD,SD,SD,SD,SD,0,0,0,0
OK,Coal,471,42,SD,SD,0,0.00%,SD,0,0,0,0,0
OK,Comanche,9840,730,6,0.80%,0,0.00%,6,0,0,0,0,0
OK,Cotton,376,16,0,0.00%,0,0.00%,0,0,0,0,0,0
OK,Craig,945,51,0,0.00%,0,0.00%,0,0,0,0,0,0
OK,Creek,5181,474,SD,SD,0,0.00%,SD,0,0,0,0,0
OK,Custer,2334,130,SD,SD,SD,SD,SD,0,SD,SD,0,0
OK,Delaware,2592,232,SD,SD,SD,SD,SD,SD,0,SD,0,0
OK,Dewey,367,26,0,0.00%,0,0.00%,0,0,0,0,0,0
OK,Ellis,250,14,SD,SD,SD,SD,0,SD,0,0,0,0
OK,Garfield,5167,86,SD,SD,0,0.00%,SD,0,0,0,0,0
OK,Garvin,2124,150,SD,SD,0,0.00%,SD,0,0,0,0,0
OK,Grady,3693,409,SD,SD,SD,SD,SD,SD,0,0,SD,0
OK,Grant,316,13,SD,SD,SD,SD,SD,SD,0,0,0,0
OK,Greer,341,26,0,0.00%,0,0.00%,0,0,0,0,0,0
OK,Harmon,183,22,0,0.00%,0,0.00%,0,0,0,0,0,0
OK,Harper,247,14,0,0.00%,0,0.00%,0,0,0,0,0,0
OK,Haskell,849,99,0,0.00%,0,0.00%,0,0,0,0,0,0
OK,Hughes,958,92,0,0.00%,0,0.00%,0,0,0,0,0,0
OK,Jackson,2135,348,SD,SD,0,0.00%,SD,0,0,0,0,0
OK,Jefferson,432,22,SD,SD,SD,SD,0,0,SD,0,0,0
OK,Johnston,768,67,SD,SD,SD,SD,0,SD,0,0,0,0
OK,Kay,3288,623,14,2.20%,SD,SD,11,SD,0,0,SD,0
OK,Kingfisher,1228,58,0,0.00%,0,0.00%,0,0,0,0,0,0
OK,Kiowa,729,54,SD,SD,SD,SD,SD,0,SD,0,0,0
OK,Latimer,763,67,0,0.00%,0,0.00%,0,0,0,0,0,0
OK,Le Flore,3707,309,SD,SD,SD,SD,SD,SD,0,0,0,0
OK,Lincoln,2373,228,0,0.00%,0,0.00%,0,0,0,0,0,0
OK,Logan,3315,355,SD,SD,SD,SD,SD,SD,0,0,0,0
OK,Love,806,72,SD,SD,0,0.00%,SD,0,0,0,0,0
OK,McClain,2921,284,SD,SD,0,0.00%,SD,0,0,0,0,0
OK,McCurtain,2701,424,SD,SD,0,0.00%,SD,0,0,0,0,0
OK,McIntosh,1187,134,SD,SD,SD,SD,0,0,SD,0,0,0
OK,Major,614,27,SD,SD,SD,SD,SD,SD,0,0,0,0
OK,Marshall,1214,126,SD,SD,0,0.00%,SD,0,0,0,0,0
OK,Mayes,2869,243,SD,SD,SD,SD,0,SD,0,0,0,0
OK,Murray,999,74,SD,SD,0,0.00%,SD,0,0,0,0,0
OK,Muskogee,5214,575,9,1.60%,SD,SD,7,SD,0,0,SD,0
OK,Noble,768,95,0,0.00%,0,0.00%,0,0,0,0,0,0
OK,Nowata,771,63,0,0.00%,0,0.00%,0,0,0,0,0,0
OK,Okfuskee,816,89,SD,SD,SD,SD,SD,0,SD,0,0,0
OK,Oklahoma,68681,6733,39,0.60%,11,0.20%,28,7,SD,0,SD,0
OK,Okmulgee,2695,314,SD,SD,SD,SD,SD,0,SD,0,SD,0
OK,Osage,2822,325,SD,SD,0,0.00%,SD,0,0,0,0,0
OK,Ottawa,2454,215,SD,SD,SD,SD,SD,SD,SD,0,0,0
OK,Pawnee,1161,119,SD,SD,0,0.00%,SD,0,0,0,0,0
OK,Payne,4872,636,6,0.90%,SD,SD,SD,SD,SD,0,0,0
OK,Pittsburg,3132,258,SD,SD,0,0.00%,SD,0,0,0,0,0
OK,Pontotoc,3059,285,SD,SD,0,0.00%,SD,0,0,0,0,0
OK,Pottawatomie,5228,502,14,2.80%,SD,SD,9,SD,SD,0,0,0
OK,Pushmataha,740,66,SD,SD,0,0.00%,SD,0,0,0,0,0
OK,Roger Mills,259,14,0,0.00%,0,0.00%,0,0,0,0,0,0
OK,Rogers,6550,713,SD,SD,SD,SD,SD,0,SD,SD,0,SD
OK,Seminole,1874,150,SD,SD,SD,SD,0,0,0,SD,0,0
OK,Sequoyah,3235,360,SD,SD,SD,SD,SD,SD,0,0,0,0
OK,Stephens,3088,177,0,0.00%,0,0.00%,0,0,0,0,0,0
OK,Texas,2036,184,0,0.00%,0,0.00%,0,0,0,0,0,0
OK,Tillman,479,57,0,0.00%,0,0.00%,0,0,0,0,0,0
OK,Tulsa,54814,5249,41,0.80%,11,0.20%,30,SD,SD,SD,SD,0
OK,Wagoner,5817,600,SD,SD,SD,SD,SD,SD,0,0,0,0
OK,Washington,3974,379,SD,SD,SD,SD,SD,0,0,0,0,SD
OK,Washita,810,69,0,0.00%,0,0.00%,0,0,0,0,0,0
OK,Woods,614,22,SD,SD,SD,SD,SD,SD,0,0,0,0
OK,Woodward,1571,88,SD,SD,0,0.00%,SD,0,0,0,0,0
OK,Unknown,0,10495,76,0.70%,20,0.20%,56,12,SD,SD,SD,0
RI ,Bristol,2363,857,SD,SD,SD,SD,SD,0,SD,0,0,0
RI ,Kent,9516,2343,26,1.10%,7,0.30%,19,6,SD,0,0,0
RI ,Newport,4177,1056,20,1.90%,SD,SD,18,SD,0,0,0,0
RI ,Providence,43235,12728,438,3.40%,114,0.90%,324,71,28,SD,10,SD
RI ,Washington,5589,1214,12,1.00%,SD,SD,10,SD,SD,0,0,0
RI ,Unknown,0,738,15,2.00%,7,0.90%,8,SD,0,0,SD,SD
SC,Abbeville,1419,216,SD,SD,0,0.00%,SD,0,0,0,0,0
SC,Aiken,11669,1187,16,1.30%,8,0.70%,8,SD,SD,0,SD,0
SC,Allendale,492,21,0,0.00%,0,0.00%,0,0,0,0,0,0
SC,Anderson,14213,1578,15,1.00%,SD,SD,12,SD,SD,0,SD,0
SC,Bamberg,773,101,SD,SD,0,0.00%,SD,0,0,0,0,0
SC,Barnwell,1482,78,SD,SD,0,0.00%,SD,0,0,0,0,0
SC,Beaufort,11359,1021,SD,SD,SD,SD,SD,0,SD,0,0,0
SC,Berkeley,18016,2289,7,0.30%,SD,SD,SD,SD,SD,0,0,0
SC,Calhoun,809,148,SD,SD,SD,SD,SD,SD,0,0,0,0
SC,Charleston,28324,4210,32,0.80%,9,0.20%,23,SD,SD,SD,SD,0
SC,Cherokee,4060,450,SD,SD,SD,SD,SD,SD,0,0,0,0
SC,Chester,2318,242,SD,SD,SD,SD,SD,SD,0,0,0,0
SC,Chesterfield,3075,344,SD,SD,0,0.00%,SD,0,0,0,0,0
SC,Clarendon,1808,463,8,1.70%,SD,SD,SD,0,SD,SD,SD,0
SC,Colleton,2832,342,SD,SD,SD,SD,SD,SD,0,0,0,0
SC,Darlington,4646,567,9,1.60%,SD,SD,6,SD,0,0,SD,0
SC,Dillon,2389,170,SD,SD,SD,SD,SD,SD,SD,0,0,0
SC,Dorchester,11847,1550,SD,SD,SD,SD,SD,0,SD,0,0,0
SC,Edgefield,1276,160,SD,SD,SD,SD,SD,0,0,SD,0,0
SC,Fairfield,1191,157,SD,SD,0,0.00%,SD,0,0,0,0,0
SC,Florence,9862,1111,26,2.30%,SD,SD,21,SD,0,0,0,0
SC,Georgetown,3226,404,0,0.00%,0,0.00%,0,0,0,0,0,0
SC,Greenville,39195,6139,23,0.40%,6,0.10%,17,SD,SD,0,0,0
SC,Greenwood,5175,972,17,1.70%,SD,SD,13,SD,0,SD,0,0
SC,Hampton,1224,133,0,0.00%,0,0.00%,0,0,0,0,0,0
SC,Horry,19292,2244,SD,SD,SD,SD,SD,SD,0,0,0,0
SC,Jasper,2119,248,SD,SD,0,0.00%,SD,0,0,0,0,0
SC,Kershaw,4641,563,SD,SD,SD,SD,SD,SD,0,0,SD,0
SC,Lancaster,6854,696,6,0.90%,SD,SD,SD,SD,0,0,0,0
SC,Laurens,4815,772,16,2.10%,SD,SD,13,SD,SD,0,0,0
SC,Lee,969,143,SD,SD,SD,SD,0,SD,0,0,0,SD
SC,Lexington,20735,3067,20,0.70%,9,0.30%,11,8,0,0,SD,0
SC,McCormick,283,52,SD,SD,0,0.00%,SD,0,0,0,0,0
SC,Marion,2049,277,7,2.50%,SD,SD,SD,SD,SD,0,0,0
SC,Marlboro,1630,321,12,3.70%,6,1.90%,6,SD,0,SD,SD,0
SC,Newberry,2588,540,7,1.30%,SD,SD,SD,SD,0,0,0,0
SC,Oconee,4592,261,SD,SD,0,0.00%,SD,0,0,0,0,0
SC,Orangeburg,5697,908,SD,SD,SD,SD,SD,SD,0,0,0,0
SC,Pickens,7541,1214,SD,SD,0,0.00%,SD,0,0,0,0,0
SC,Richland,28861,4267,16,0.40%,6,0.10%,10,6,0,0,0,0
SC,Saluda,1412,341,SD,SD,0,0.00%,SD,0,0,0,0,0
SC,Spartanburg,24109,3332,17,0.50%,6,0.20%,11,SD,SD,SD,SD,0
SC,Sumter,8540,1191,19,1.60%,7,0.60%,12,SD,SD,0,0,0
SC,Union,1797,273,SD,SD,0,0.00%,SD,0,0,0,0,0
SC,Williamsburg,1791,264,SD,SD,0,0.00%,SD,0,0,0,0,0
SC,York,20188,2317,6,0.30%,0,0.00%,6,0,0,0,0,0
SC,Unknown,0,547,8,1.50%,SD,SD,SD,SD,SD,0,SD,0
WV,Barbour,975,95,SD,SD,0,0.00%,SD,0,0,0,0,0
WV,Berkeley,9068,500,SD,SD,SD,SD,SD,SD,0,0,0,0
WV,Boone,1241,87,0,0.00%,0,0.00%,0,0,0,0,0,0
WV,Braxton,747,62,SD,SD,0,0.00%,SD,0,0,0,0,0
WV,Brooke,1190,40,0,0.00%,0,0.00%,0,0,0,0,0,0
WV,Cabell,5908,95,7,7.40%,SD,SD,6,0,0,0,SD,0
WV,Calhoun,361,36,0,0.00%,0,0.00%,0,0,0,0,0,0
WV,Clay,531,35,0,0.00%,0,0.00%,0,0,0,0,0,0
WV,Doddridge,364,45,SD,SD,0,0.00%,SD,0,0,0,0,0
WV,Fayette,2568,209,SD,SD,0,0.00%,SD,0,0,0,0,0
WV,Gilmer,351,31,0,0.00%,0,0.00%,0,0,0,0,0,0
WV,Grant,722,61,0,0.00%,0,0.00%,0,0,0,0,0,0
WV,Greenbrier,2005,222,0,0.00%,0,0.00%,0,0,0,0,0,0
WV,Hampshire,1271,47,SD,SD,SD,SD,SD,SD,0,0,0,0
WV,Hancock,1541,26,0,0.00%,0,0.00%,0,0,0,0,0,0
WV,Hardy,898,58,SD,SD,SD,SD,0,0,0,0,SD,0
WV,Harrison,4359,471,SD,SD,SD,SD,SD,SD,SD,0,0,0
WV,Jackson,1849,130,SD,SD,SD,SD,SD,SD,0,0,0,0
WV,Jefferson,3559,88,0,0.00%,0,0.00%,0,0,0,0,0,0
WV,Kanawha,10952,865,SD,SD,SD,SD,SD,SD,0,0,0,0
WV,Lewis,1034,112,SD,SD,SD,SD,SD,SD,0,0,0,0
WV,Lincoln,1353,58,SD,SD,0,0.00%,SD,0,0,0,0,0
WV,Logan,2016,83,SD,SD,0,0.00%,SD,0,0,0,0,0
WV,McDowell,1026,62,SD,SD,0,0.00%,SD,0,0,0,0,0
WV,Marion,3596,249,7,2.80%,SD,SD,SD,SD,0,0,0,0
WV,Marshall,1681,107,SD,SD,0,0.00%,SD,0,0,0,0,0
WV,Mason,1678,44,SD,SD,SD,SD,SD,SD,SD,SD,0,0
WV,Mercer,3973,264,6,2.30%,SD,SD,SD,SD,0,0,SD,0
WV,Mineral,1653,155,SD,SD,0,0.00%,SD,0,0,0,0,0
WV,Mingo,1639,41,SD,SD,0,0.00%,SD,0,0,0,0,0
WV,Monongalia,6053,385,SD,SD,0,0.00%,SD,0,0,0,0,0
WV,Monroe,774,69,0,0.00%,0,0.00%,0,0,0,0,0,0
WV,Morgan,852,69,SD,SD,SD,SD,SD,SD,0,0,0,0
WV,Nicholas,1452,120,0,0.00%,0,0.00%,0,0,0,0,0,0
WV,Ohio,2526,99,SD,SD,SD,SD,SD,SD,0,0,0,0
WV,Pendleton,379,25,SD,SD,SD,SD,0,SD,0,0,0,0
WV,Pleasants,477,46,SD,SD,SD,SD,SD,SD,0,0,0,0
WV,Pocahontas,459,39,0,0.00%,0,0.00%,0,0,0,0,0,0
WV,Preston,2002,110,SD,SD,0,0.00%,SD,0,0,0,0,0
WV,Putnam,3441,166,0,0.00%,0,0.00%,0,0,0,0,0,0
WV,Raleigh,4680,473,7,1.50%,SD,SD,SD,SD,0,SD,0,0
WV,Randolph,1679,182,SD,SD,0,0.00%,SD,0,0,0,0,0
WV,Ritchie,598,40,0,0.00%,0,0.00%,0,0,0,0,0,0
WV,Roane,748,52,0,0.00%,0,0.00%,0,0,0,0,0,0
WV,Summers,586,70,SD,SD,SD,SD,0,SD,0,0,0,0
WV,Taylor,944,74,SD,SD,0,0.00%,SD,0,0,0,0,0
WV,Tucker,311,39,0,0.00%,0,0.00%,0,0,0,0,0,0
WV,Tyler,480,34,SD,SD,0,0.00%,SD,0,0,0,0,0
WV,Upshur,1498,91,SD,SD,0,0.00%,SD,0,0,0,0,0
WV,Wayne,2330,30,0,0.00%,0,0.00%,0,0,0,0,0,0
WV,Webster,465,43,SD,SD,0,0.00%,SD,0,0,0,0,0
WV,Wetzel,992,41,SD,SD,SD,SD,SD,SD,0,0,0,0
WV,Wirt,333,21,0,0.00%,0,0.00%,0,0,0,0,0,0
WV,Wood,5490,293,11,3.80%,SD,SD,8,SD,0,SD,SD,0
WV,Wyoming,1149,135,SD,SD,SD,SD,0,SD,0,0,0,0
WV,Unknown,0,1253,8,0.60%,SD,SD,6,SD,0,0,0,0
WI,Adams,826,104,SD,SD,0,0.00%,SD,0,0,0,0,0
WI,Ashland,1033,185,0,0.00%,0,0.00%,0,0,0,0,0,0
WI,Barron,3023,358,SD,SD,0,0.00%,SD,0,0,0,0,0
WI,Bayfield,834,106,0,0.00%,0,0.00%,0,0,0,0,0,0
WI,Brown,19418,3722,28,0.80%,10,0.30%,18,SD,SD,SD,0,SD
WI,Buffalo,807,82,SD,SD,0,0.00%,SD,0,0,0,0,0
WI,Burnett,771,123,0,0.00%,0,0.00%,0,0,0,0,0,0
WI,Calumet,3130,290,8,2.80%,SD,SD,7,0,SD,0,0,0
WI,Chippewa,4263,503,14,2.80%,SD,SD,9,SD,0,0,0,0
WI,Clark,3425,323,SD,SD,0,0.00%,SD,0,0,0,0,0
WI,Columbia,3699,408,10,2.50%,SD,SD,6,SD,0,0,0,0
WI,Crawford,928,114,SD,SD,0,0.00%,SD,0,0,0,0,0
WI,Dane,35660,4285,17,0.40%,SD,SD,15,SD,SD,0,0,0
WI,Dodge,4797,594,11,1.90%,SD,SD,7,SD,SD,SD,0,0
WI,Door,1318,146,SD,SD,SD,SD,0,SD,0,0,0,0
WI,Douglas,2520,552,8,1.40%,SD,SD,6,SD,0,0,0,0
WI,Dunn,2734,251,SD,SD,0,0.00%,SD,0,0,0,0,0
WI,Eau Claire,6908,780,7,0.90%,SD,SD,SD,SD,0,0,0,SD
WI,Florence,183,23,0,0.00%,0,0.00%,0,0,0,0,0,0
WI,Fond du Lac,6522,975,24,2.50%,SD,SD,19,SD,SD,0,SD,0
WI,Forest,591,44,0,0.00%,0,0.00%,0,0,0,0,0,0
WI,Grant,3516,189,SD,SD,SD,SD,0,SD,0,0,0,0
WI,Green,2293,337,6,1.80%,SD,SD,SD,SD,0,0,SD,0
WI,Green Lake,1258,105,SD,SD,0,0.00%,SD,0,0,0,0,0
WI,Iowa,1508,85,0,0.00%,0,0.00%,0,0,0,0,0,0
WI,Iron,225,29,0,0.00%,0,0.00%,0,0,0,0,0,0
WI,Jackson,1434,134,SD,SD,SD,SD,0,0,SD,0,0,0
WI,Jefferson,5018,670,14,2.10%,SD,SD,10,SD,0,SD,SD,0
WI,Juneau,1693,168,SD,SD,0,0.00%,SD,0,0,0,0,0
WI,Kenosha,11305,1398,25,1.80%,7,0.50%,18,SD,SD,SD,SD,0
WI,Kewaunee,1243,254,SD,SD,SD,SD,0,0,0,0,SD,0
WI,La Crosse,7063,718,10,1.40%,SD,SD,7,SD,0,0,SD,SD
WI,Lafayette,1301,84,SD,SD,0,0.00%,SD,0,0,0,0,0
WI,Langlade,1162,184,0,0.00%,0,0.00%,0,0,0,0,0,0
WI,Lincoln,1523,218,6,2.80%,0,0.00%,6,0,0,0,0,0
WI,Manitowoc,4828,895,44,4.90%,14,1.60%,30,11,SD,0,SD,0
WI,Marathon,9519,1149,19,1.70%,SD,SD,16,SD,SD,SD,0,0
WI,Marinette,2270,302,SD,SD,0,0.00%,SD,0,0,0,0,0
WI,Marquette,880,79,0,0.00%,0,0.00%,0,0,0,0,0,0
WI,Menominee,502,59,SD,SD,0,0.00%,SD,0,0,0,0,0
WI,Milwaukee,76368,20995,618,2.90%,221,1.10%,397,108,35,22,42,14
WI,Monroe,3682,505,12,2.40%,SD,SD,10,SD,SD,0,0,0
WI,Oconto,2365,295,SD,SD,SD,SD,SD,SD,0,0,0,0
WI,Oneida,1916,153,SD,SD,0,0.00%,SD,0,0,0,0,0
WI,Outagamie,13891,1195,SD,SD,SD,SD,SD,SD,SD,0,0,SD
WI,Ozaukee,5728,629,6,1.00%,SD,SD,SD,0,0,SD,SD,0
WI,Pepin,503,47,0,0.00%,0,0.00%,0,0,0,0,0,0
WI,Pierce,2476,337,SD,SD,0,0.00%,SD,0,0,0,0,0
WI,Polk,2546,387,SD,SD,SD,SD,SD,SD,0,0,0,0
WI,Portage,4166,701,7,1.00%,0,0.00%,7,0,0,0,0,0
WI,Price,681,135,SD,SD,0,0.00%,SD,0,0,0,0,0
WI,Racine,14156,2075,46,2.20%,14,0.70%,32,8,SD,0,SD,0
WI,Richland,1045,78,SD,SD,0,0.00%,SD,0,0,0,0,0
WI,Rock,11620,1059,22,2.10%,7,0.70%,15,SD,SD,SD,SD,0
WI,Rusk,881,95,SD,SD,0,0.00%,SD,0,0,0,0,0
WI,St. Croix,6635,747,SD,SD,0,0.00%,SD,0,0,0,0,0
WI,Sauk,4586,434,12,2.80%,SD,SD,10,SD,0,0,0,0
WI,Sawyer,922,123,0,0.00%,0,0.00%,0,0,0,0,0,0
WI,Shawano,2632,360,SD,SD,SD,SD,SD,0,SD,SD,SD,0
WI,Sheboygan,7577,797,28,3.50%,11,1.40%,17,6,SD,0,SD,SD
WI,Taylor,1373,189,SD,SD,0,0.00%,SD,0,0,0,0,0
WI,Trempealeau,2512,339,SD,SD,SD,SD,SD,SD,0,0,0,0
WI,Vernon,2502,190,SD,SD,0,0.00%,SD,0,0,0,0,0
WI,Vilas,1174,86,SD,SD,0,0.00%,SD,0,0,0,0,0
WI,Walworth,6015,772,14,1.80%,SD,SD,11,SD,SD,SD,0,0
WI,Washburn,819,112,0,0.00%,0,0.00%,0,0,0,0,0,0
WI,Washington,8351,618,7,1.10%,0,0.00%,7,0,0,0,0,0
WI,Waukesha,25345,2922,20,0.70%,SD,SD,15,SD,0,SD,SD,0
WI,Waupaca,3146,299,SD,SD,SD,SD,SD,SD,0,0,0,0
WI,Waushara,1319,124,SD,SD,SD,SD,0,SD,0,0,0,0
WI,Winnebago,11181,1143,25,2.20%,8,0.70%,17,SD,SD,SD,0,0
WI,Wood,4933,729,9,1.20%,SD,SD,7,0,SD,0,0,0
WI,Unknown,0,4675,78,1.70%,24,0.50%,54,11,SD,SD,SD,SD